Table S2. All genes with significantly different transcript abundances in co-culture during at least one timepoint following heterotroph addition. Values indicate log2 fold change in co-culture vs axenic conditions. Statistically significantly different transcript abundances (as determined by DESeq2) are indicated by *,,,,,,,,,,,,,,
,,,,,,,,,,,,,,
,,,,Time past heterotroph addition:,,,,,,,,,,
Chromosome region (Start_Stop),Original_NCBI_ID,Alternate_NCBI_ID,Alternate_NCBI_ID_2,-12 hours,2 hours,4 hours,6 hours,12 hours,24 hours,48 hours,Gene name,NCBI description,RAST description,hli array
NATL2A_19558_20688,PMN2A_1344,NATL2_00161,PMN2A_RS00095,0.045,-0.03,-0.132,-0.032,-0.144,-0.212*,-0.137,dnaJ,molecular chaperone DnaJ,Chaperone protein DnaJ,
NATL2A_20923_21861,PMN2A_1346,NATL2_00181,PMN2A_RS00105,-0.16,-0.167,-0.195,0.039,-0.281,-0.425*,-0.297,engC,ribosome small subunit-dependent GTPase,Ribosome small subunit-stimulated GTPase EngC,
NATL2A_33984_35129,PMN2A_1362,NATL2_00341,PMN2A_RS00185,-0.026,-0.119,-0.052,-0.007,0.048,-0.439*,-0.143,cbiD,cobalt-precorrin-5B (C(1))-methyltransferase,"Cobalt-precorrin-6 synthase, anaerobic",
NATL2A_51066_49216,PMN2A_1375,NATL2_00471,PMN2A_RS00250,-0.067,-0.131,-0.063,-0.101,-0.37*,-0.347*,-0.31*,,flavin oxidoreductase,Diflavin flavoprotein SYNW2368,
NATL2A_52844_51069,PMN2A_1376,NATL2_00481,PMN2A_RS00255,-0.086,-0.038,-0.151,-0.186,-0.474*,-0.384*,-0.37*,,diflavin flavoprotein A,Diflavin flavoprotein SYNW2367,
NATL2A_66749_66955,PMN2A_1897,NATL2_00591,PMN2A_RS00310,0.036,0.031,0.054,0.054,0.03,0.126,0.311*,,hypothetical protein,hypothetical protein,
NATL2A_67493_68083,PMN2A_1388,NATL2_00611,PMN2A_RS00320,0.2,0.277,0.409,0.112,0.235,0.5*,0.406*,,hypothetical protein,hypothetical protein,
NATL2A_86016_86174,PMN2A_1406,NATL2_00851,PMN2A_RS00415,-0.035,0.256,0.231,-0.054,0.019,0.334*,0.187,,hypothetical protein,hypothetical protein,
NATL2A_94374_94198,PMN2A_1905,NATL2_00951,,-0.235,0.233,0.1,-0.112,0.071,0.236,0.443*,,,FIG00941058: hypothetical protein,
NATL2A_96528_96142,PMN2A_1416,NATL2_00981,PMN2A_RS00470,0.083,0.152,0.066,0.121,0.25,0.277*,0.211,,membrane protein,FIG00940892: hypothetical protein,
NATL2A_105614_105483,PMN2A_1424,NATL2_01061,PMN2A_RS00510,0.083,-0.306,-0.098,0.12,0.493*,-0.316,-0.438*,,hypothetical protein,"YggT family protein YlmG/ssl0353, required for proper distribution of nucleoids in chloroplast and cyanobacteria",
NATL2A_105619_105837,,,,-0.116,-0.067,-0.301,0.274,0.116,-0.527*,-0.462,,,hypothetical protein,
NATL2A_109739_109458,PMN2A_1429,NATL2_01111,PMN2A_RS00535,-0.242,-0.316,-0.155,0.006,-0.119,-0.33,-0.483*,,hypothetical protein,FIG00941168: hypothetical protein,
NATL2A_118666_119844,PMN2A_1438,NATL2_01201,PMN2A_RS00580,-0.037,-0.233,-0.173,0.114,0.139,-0.286*,-0.154,,Rho termination protein,FIG00940991: hypothetical protein,
NATL2A_126703_127875,PMN2A_1446,NATL2_01281,PMN2A_RS00620,0.067,-0.244,0.049,0.035,-0.019,-0.512*,-0.158,,3-hydroxyacyl-CoA dehydrogenase,NADH dehydrogenase (EC 1.6.99.3),
NATL2A_134472_136187,PMN2A_1455,NATL2_01381,PMN2A_RS00660,0.141,0.036,-0.133,-0.145,-0.327,-0.4*,-0.192,,lysophospholipase,"ABC transporter, ATP binding component",
NATL2A_137390_136212,PMN2A_1456,NATL2_01391,PMN2A_RS00665,0.219,0.207,0.048,-0.204,0.031,0.303,0.514*,,serine protease,possible serine protease,
NATL2A_137998_138339,PMN2A_1458,NATL2_01411,PMN2A_RS00675,0.037,-0.143,-0.255,0.165,0.062,-0.364*,-0.212,,hypothetical protein,FIG00940597: hypothetical protein,
NATL2A_140430_140101,PMN2A_1462,NATL2_01451,PMN2A_RS00695,0.364,0.229,0.293,-0.006,0.093,0.495*,0.35,,hypothetical protein,FIG00940734: hypothetical protein,
NATL2A_143955_142375,PMN2A_1465,NATL2_01481,PMN2A_RS00710,0.08,-0.072,0.179,0.026,-0.004,0.191*,0.074,,transporter,Outer membrane efflux protein precursor,
NATL2A_162449_162712,PMN2A_1488,NATL2_01731,PMN2A_RS00835,-0.081,-0.311,-0.06,0.075,-0.015,-0.409*,-0.125,,NAD(P)H-quinone oxidoreductase subunit O,FIG00940444: hypothetical protein,
NATL2A_164538_164419,PMN2A_1910,NATL2_01761,,-0.111,-0.588,-0.089,-0.03,0.157,-0.383,-0.619*,,,hypothetical protein,
NATL2A_172479_173000,PMN2A_1498,NATL2_01841,PMN2A_RS00890,0.114,0.305,0.194,0.086,0.143,0.31*,0.35*,ycf3,photosystem I assembly protein Ycf3,photosystem I assembly related protein Ycf3,
NATL2A_181522_181953,PMN2A_1508,NATL2_01941,PMN2A_RS00940,-0.044,-0.255,-0.266,0.183,0.186,-0.346*,-0.312,,RNA-binding protein,RNA-binding region RNP-1,
NATL2A_186421_185471,PMN2A_1513,NATL2_01991,PMN2A_RS00965,0.047,-0.094,-0.053,-0.02,-0.165,-0.342*,-0.349*,rbcR,transcriptional regulator,RuBisCO operon transcriptional regulator,
NATL2A_186566_187276,PMN2A_1514,NATL2_02001,PMN2A_RS00970,-0.037,-0.005,0.02,-0.128,0.068,0.345*,0.058,,membrane protein,Conserved NnrU/NnuR ortholog membrane enzyme,
NATL2A_207970_207242,PMN2A_1537,NATL2_02241,PMN2A_RS01080,-0.11,-0.123,-0.195,0.006,-0.172,-0.268*,-0.234*,,DNA-binding response regulator,Two-component response regulator,
NATL2A_224579_223716,PMN2A_1555,NATL2_02431,PMN2A_RS01170,-0.072,-0.032,-0.025,0.027,0.052,0.207,0.271*,nadC,nicotinate-nucleotide pyrophosphorylase,Quinolinate phosphoribosyltransferase [decarboxylating] (EC 2.4.2.19),
NATL2A_242262_241594,PMN2A_1572,NATL2_02611,PMN2A_RS01255,0.069,0.144,0.076,-0.003,-0.023,0.31*,0.131,nusG,transcription termination/antitermination factor,Transcription antitermination protein NusG,
NATL2A_242547_242305,PMN2A_1573,NATL2_02621,PMN2A_RS01260,0.026,0.094,0.099,-0.005,0.03,0.336*,0.151,secE,preprotein translocase subunit SecE,Preprotein translocase subunit SecE (TC 3.A.5.1.1),
NATL2A_254232_255230,PMN2A_1583,NATL2_02731,PMN2A_RS01310,0.205,0.224,0.223,0.046,0.092,0.239,0.361*,,delta-aminolevulinic acid dehydratase,Porphobilinogen synthase (EC 4.2.1.24),
NATL2A_282939_282343,PMN2A_1611,NATL2_03031,PMN2A_RS01455,0.065,0.171,0.27,0.139,0.056,0.357*,0.297*,,cob(I)alamin adenosyltransferase,Cob(I)alamin adenosyltransferase (EC 2.5.1.17),
NATL2A_286283_285660,PMN2A_1616,NATL2_03081,PMN2A_RS01480,-0.051,-0.005,-0.15,-0.046,0.038,-0.212,-0.394*,,peptidyl-tRNA hydrolase,Peptidyl-tRNA hydrolase (EC 3.1.1.29),
NATL2A_302622_301066,PMN2A_1632,NATL2_03241,PMN2A_RS01560,0.085,0.011,-0.174,0.078,-0.014,-0.343*,-0.138,purH,bifunctional,IMP cyclohydrolase (EC 3.5.4.10) / Phosphoribosylaminoimidazolecarboxamide formyltransferase (EC 2.1.2.3),
NATL2A_302687_303292,PMN2A_1633,NATL2_03251,PMN2A_RS01565,-0.089,-0.162,-0.316,0.129,0.089,-0.378*,-0.316,,esterase,"Phospholipase/carboxylesterase family protein, sll1284 homolog",
NATL2A_329256_328486,PMN2A_1659,NATL2_03531,PMN2A_RS01700,-0.028,0.057,0.07,-0.021,-0.064,0.268*,0.248*,,NAD(P)H-quinone oxidoreductase subunit K,NAD(P)H-quinone oxidoreductase chain K (EC 1.6.5.2),
NATL2A_329588_329226,PMN2A_1660,NATL2_03541,PMN2A_RS01705,-0.05,0.242,0.067,0.023,-0.031,0.175,0.322*,,NAD(P)H-quinone oxidoreductase subunit 3,NAD(P)H-quinone oxidoreductase subunit 3 (EC 1.6.5.2),
NATL2A_332829_331897,PMN2A_1666,NATL2_03601,PMN2A_RS01730,-0.094,-0.187,-0.197,-0.135,-0.131,-0.357*,-0.338,,S-methyl-5'-thioadenosine phosphorylase,5'-methylthioadenosine phosphorylase (EC 2.4.2.28),
NATL2A_345396_344605,PMN2A_1678,NATL2_03721,PMN2A_RS01790,0.08,0.519,0.343,-0.062,0.174,0.643*,0.651*,,phycoerythrin class III subunit gamma,Phycobilisome linker polypeptide,
NATL2A_346160_345501,PMN2A_1679,NATL2_03731,PMN2A_RS01795,0.162,-0.069,0.123,0.113,0.068,0.358*,0.186,,hypothetical protein,FIG00943515: hypothetical protein,
NATL2A_349270_349103,PMN2A_1919,NATL2_03771,PMN2A_RS01815,0.017,0.189,0.291,-0.006,0.124,0.489*,0.443*,psaM,hypothetical protein,photosystem I reaction center subunit XII,
NATL2A_357481_356372,PMN2A_1689,NATL2_03841,PMN2A_RS01855,0.122,0.157,0.102,0.031,0.069,0.242*,0.199*,,30S ribosomal protein S1,SSU ribosomal protein S1p,
NATL2A_358064_357585,PMN2A_1690,NATL2_03851,PMN2A_RS01860,-0.013,0.16,0.001,-0.048,0.108,0.191,0.275*,nrdR,NrdR family transcriptional regulator,Ribonucleotide reductase transcriptional regulator NrdR,
NATL2A_381000_381242,PMN2A_1710,NATL2_04061,PMN2A_RS01985,-0.006,0.928,0.513,-0.09,-0.129,0.784*,0.783*,,hypothetical protein,FIG00942275: hypothetical protein,
NATL2A_385025_385264,PMN2A_1713,NATL2_04101,PMN2A_RS02010,0.036,0.137,-0.379,-0.601,-0.242,-0.276,-0.571*,,hypothetical protein,hypothetical protein,
NATL2A_385851_386066,PMN2A_1715,NATL2_04121,PMN2A_RS02020,-0.052,-0.236,-0.246,-0.323*,-1.211*,-1.16*,-1.216*,,high light inducible protein,FIG00940767: hypothetical protein,Array 1
NATL2A_386101_386220,PMN2A_1925,NATL2_04141,PMN2A_RS02025,0.024,-0.226,-0.186,-0.311,-1.141*,-1.138*,-1.092*,,high light inducible protein,hypothetical protein,Array 1
NATL2A_386220_386366,PMN2A_1716,NATL2_04151,PMN2A_RS02030,0.039,-0.24,-0.173,-0.337,-1.119*,-1.167*,-1.083*,,high light inducible protein,possible high light inducible protein,Array 1
NATL2A_386366_386515,PMN2A_1717,NATL2_04161,PMN2A_RS02035,0.008,-0.222,-0.06,-0.425*,-1.044*,-1.092*,-1.067*,,high light inducible protein,FIG00940228: hypothetical protein,Array 1
NATL2A_386515_386640,PMN2A_1718,NATL2_04171,PMN2A_RS02040,-0.039,-0.281,-0.236,-0.388*,-1.028*,-1.128*,-1.162*,,high light inducible protein,possible high light inducible protein,Array 1
NATL2A_387079_387192,PMN2A_1926,NATL2_04181,,-0.244,-0.351,-0.174,-0.008,-0.175,-0.508*,-0.519*,,,hypothetical protein,
NATL2A_400821_400138,PMN2A_1734,NATL2_04351,PMN2A_RS02130,0.048,0.26,0.299,-0.083,0.077,0.404*,0.29,,deoxyribose-phosphate aldolase,Deoxyribose-phosphate aldolase (EC 4.1.2.4),
NATL2A_401420_400836,PMN2A_1735,NATL2_04361,PMN2A_RS02135,0.071,0.185,0.141,-0.079,0.088,0.385*,0.369*,,ribosome-associated inhibitor A/sigma 54,Ribosomal subunit interface protein,
NATL2A_418016_417771,PMN2A_1752,NATL2_04551,PMN2A_RS02220,-0.208,-0.165,-0.346,0.164,0.128,-0.408*,-0.133,,hypothetical protein,NifU-like domain protein,
NATL2A_436849_437535,PMN2A_1770,NATL2_04751,PMN2A_RS02315,-0.012,0.048,-0.447,0.073,-0.177,-0.33,-0.443*,,hypothetical protein,FIG00940675: hypothetical protein,
NATL2A_439830_440483,PMN2A_1773,NATL2_04781,PMN2A_RS02330,-0.065,-0.198,-0.385,0.18,-0.096,-0.411*,-0.431*,,riboflavin synthase subunit alpha,Riboflavin synthase eubacterial/eukaryotic (EC 2.5.1.9),
NATL2A_446240_447253,PMN2A_1780,NATL2_04851,PMN2A_RS02365,0.07,0.139,0.09,0.167,0.062,0.192*,0.086,,lysozyme,ABC-type multidrug transport system ATPase component,
NATL2A_450521_450697,PMN2A_1784,NATL2_04891,,-0.018,-0.152,-0.025,-0.088,-0.176,-0.366*,-0.341*,,,FIG00940639: hypothetical protein,
NATL2A_459040_458075,PMN2A_1793,NATL2_04981,PMN2A_RS02425,0.099,0.101,0.136,-0.049,0.102,0.208*,0.117,petA,cytochrome F,"Cytochrome b6-f complex subunit, apocytochrome f",
NATL2A_463733_463596,PMN2A_1800,NATL2_05051,,0.12,0.138,0.207,0.143,0.128,0.4*,0.272,psaJ,,photosystem I subunit IX (PsaJ),
NATL2A_464338_463781,PMN2A_1801,NATL2_05061,PMN2A_RS02460,0.108,0.134,0.152,0.096,0.077,0.356*,0.275*,psaF,photosystem I PsaF protein (subunit III),"photosystem I subunit III precursor, plastocyanin (cyt c553) docking protein (PsaF)",
NATL2A_477069_475771,PMN2A_1816,NATL2_05221,PMN2A_RS02545,-0.123,-0.183,-0.311,0.043,0.038,-0.317*,-0.226,,"glutamate-1-semialdehyde 2,1-aminomutase",Glutamate-1-semialdehyde aminotransferase (EC 5.4.3.8),
NATL2A_484984_484523,PMN2A_1825,NATL2_05311,PMN2A_RS02590,0.275,0.189,0.148,-0.078,0.201,0.329,0.548*,,hypothetical protein,FIG00008365: hypothetical protein,
NATL2A_486871_487458,PMN2A_1827,NATL2_05331,PMN2A_RS02600,0.131,0.131,0.138,0.122,0.088,0.304*,0.214,,inorganic pyrophosphatase,Inorganic pyrophosphatase (EC 3.6.1.1),
NATL2A_489842_488580,PMN2A_1829,NATL2_05351,PMN2A_RS02610,0.149,0.081,0.053,0.072,0.097,0.282*,0.144,,RNA polymerase sigma factor RpoD,Group 2 RNA polymerase sigma factor @ RNA polymerase sigma factor RpoD,
NATL2A_499811_499413,PMN2A_1840,NATL2_05471,PMN2A_RS02665,0.247,0.152,0.165,0.021,0.127,0.278*,0.347*,psb27,photosystem II reaction center Psb27 protein,Photosystem II protein Psb27,
NATL2A_509733_510731,PMN2A_1851,NATL2_05581,PMN2A_RS02720,0.079,0.164,0.159,0.051,0.016,0.272*,0.265*,tal,transaldolase,Transaldolase (EC 2.2.1.2),
NATL2A_513982_513290,PMN2A_1855,NATL2_05621,PMN2A_RS02740,-0.058,0.219,0.111,0.138,0.218,0.464*,0.313,,"cob(I)yrinic acid a,c-diamide",Cob(I)alamin adenosyltransferase (EC 2.5.1.17),
NATL2A_521348_522145,PMN2A_1862,NATL2_05691,PMN2A_RS02775,0.058,-0.198,-0.144,-0.049,0.034,-0.115,-0.293*,,creatininase,Creatinine amidohydrolase related enzyme,
NATL2A_522220_522945,PMN2A_1863,NATL2_05701,PMN2A_RS02780,-0.05,-0.226,-0.274,0.147,0.088,-0.284*,-0.33*,,long-chain fatty aldehyde decarbonylase,Aldehyde decarbonylase,
NATL2A_524145_525134,PMN2A_1865,NATL2_05721,PMN2A_RS02790,0.083,0.048,0.099,0.008,0.109,0.29*,0.24,,acetyl-CoA carboxylase carboxyltransferase,Acetyl-coenzyme A carboxyl transferase alpha chain (EC 6.4.1.2),
NATL2A_531136_530246,PMN2A_1872,NATL2_05791,PMN2A_RS02825,-0.023,0.33,0.463,-0.052,-0.042,0.802*,0.702*,chlL,ferredoxin:protochlorophyllide reductase,Light-independent protochlorophyllide reductase iron-sulfur ATP-binding protein ChlL (EC 1.18.-.-),
NATL2A_531497_532753,PMN2A_1873,NATL2_05801,PMN2A_RS02830,0.146,0.179,0.236,0.135,0.09,0.354*,0.386*,chlN,light-independent protochlorophyllide reductase,Light-independent protochlorophyllide reductase subunit N (EC 1.18.-.-),
NATL2A_541270_542829,PMN2A_1882,NATL2_05891,PMN2A_RS02875,0.13,0.148,-0.03,0.2,0.185,0.2,0.241*,,carboxysome shell protein,carboxysome shell protein CsoS3,
NATL2A_543183_543356,PMN2A_1884,NATL2_05911,PMN2A_RS02885,0.193,0.067,-0.144,0.221,-0.1,0.384*,0.419*,,carboxysome shell protein,putative carboxysome peptide B,
NATL2A_543401_543949,PMN2A_1885,NATL2_05921,PMN2A_RS02890,0.105,0.251,-0.055,0.124,0.09,0.316*,0.443*,,carboxysome shell protein,carboxysome shell protein CsoS1,
NATL2A_544515_544285,PMN2A_1887,NATL2_05941,PMN2A_RS02900,-0.152,0.007,0.125,0.016,0.032,0.249*,0.264*,,hypothetical protein,FIG00940827: hypothetical protein,
NATL2A_545862_546524,PMN2A_1890,NATL2_05971,PMN2A_RS02915,-0.347,-0.094,-0.078,0.205,-0.005,-0.417*,-0.155,hisG,ATP phosphoribosyltransferase,ATP phosphoribosyltransferase (EC 2.4.2.17),
NATL2A_546511_548307,PMN2A_1891,NATL2_05981,PMN2A_RS02920,-0.06,0.086,0.091,0.175,0.083,-0.334*,0.127,,long-chain-fatty-acid--CoA ligase,"ABC transporter, ATP-binding/permease protein",
NATL2A_557426_557599,PMN2A_0006,NATL2_06081,PMN2A_RS02970,0.153,0.351,0.303,-0.016,0.106,0.502*,0.431*,ndhL,NAD(P)H-quinone oxidoreductase subunit L,NADH dehydrogenase subunit; NdhL,
NATL2A_561162_560239,PMN2A_0013,NATL2_06151,PMN2A_RS03005,-0.031,0.171,0.15,-0.068,-0.026,0.404*,0.43*,,DNA-directed RNA polymerase sigma-70 factor,"Cyanobacteria-specific RpoD-like sigma factor, type-14",
NATL2A_565464_562873,PMN2A_0016,NATL2_06191,PMN2A_RS03020,0.099,-0.003,0.026,-0.172,-0.487*,0.111,-0.01,clpB,chaperone protein ClpB,ClpB protein,
NATL2A_572630_572361,PMN2A_0022,NATL2_06251,PMN2A_RS03050,-0.222,0.276,0.166,-0.112,0.043,0.43*,0.151,,hypothetical protein,FIG00940057: hypothetical protein,
NATL2A_589573_590928,PMN2A_0036,NATL2_06391,PMN2A_RS03120,0.046,0.123,0.158,-0.021,0.174,0.224*,0.241*,,hypothetical protein,Membrane associated GTPase,
NATL2A_595162_594818,PMN2A_0041,NATL2_06441,PMN2A_RS03145,0.03,0.054,0.257,-0.221,-0.173,0.351*,0.422*,,hypothetical protein,FIG00942067: hypothetical protein,
NATL2A_595976_597652,PMN2A_0043,NATL2_06461,PMN2A_RS03155,0.118,0.022,0.057,0.009,-0.123,-0.285*,-0.125,,2-succinyl-5-enolpyruvyl-6-hydroxy-3-,2-succinyl-5-enolpyruvyl-6-hydroxy-3-cyclohexene-1-carboxylic-acid synthase (EC 2.2.1.9),
NATL2A_605153_603819,PMN2A_0049,NATL2_06521,PMN2A_RS03185,0.141,0.025,0.072,0.09,0.081,0.257*,0.25*,,3-phosphoshikimate 1-carboxyvinyltransferase,5-Enolpyruvylshikimate-3-phosphate synthase (EC 2.5.1.19),
NATL2A_609507_610304,PMN2A_0054,NATL2_06571,PMN2A_RS03210,-0.082,-0.319,0.076,0.079,-0.048,-0.29,-0.473*,,glutamate racemase,Glutamate racemase (EC 5.1.1.3),
NATL2A_615853_616140,PMN2A_0060,NATL2_06631,PMN2A_RS03240,-0.068,0.428,0.366,0.119,0.232,0.703*,0.684*,,hypothetical protein,FIG00943174: hypothetical protein,
NATL2A_642070_642339,PMN2A_0087,NATL2_06921,PMN2A_RS03380,-0.148,-0.675,-0.546,0.279,0.172,-0.65*,-0.549,,hypothetical protein,FIG00942612: hypothetical protein,
NATL2A_644316_644786,PMN2A_0089,NATL2_06941,PMN2A_RS03390,0.021,0.135,0.081,0.128,0.165,0.341*,0.301*,,hypothetical protein,"Putative thylakoid membrane protein, contains 8 pentapeptide repeats, sll0274 homolog",
NATL2A_647099_646929,PMN2A_1939,NATL2_06961,,0.197,-0.535,-0.314,0.038,0.049,-0.721*,-0.669*,,,hypothetical protein,
NATL2A_650867_651523,PMN2A_0094,NATL2_07001,PMN2A_RS03420,0.007,-0.318,-0.251,0.145,0.163,-0.162,-0.337*,,SAM-dependent methyltransferase,SAM-dependent methyltransferase (EC 2.1.1.-),
NATL2A_667881_666988,PMN2A_0112,NATL2_07191,PMN2A_RS03510,-0.079,-0.125,-0.24,0.004,-0.196,-0.359*,-0.234,,quinolinate synthetase,Quinolinate synthetase (EC 2.5.1.72),
NATL2A_669824_670942,PMN2A_0115,NATL2_07221,PMN2A_RS03525,-0.024,0.02,-0.047,0.177,-0.155,-0.335*,-0.016,,hypothetical protein,COG1565: Uncharacterized conserved protein,
NATL2A_672277_673461,PMN2A_0117,NATL2_07241,PMN2A_RS03535,-0.006,-0.367,-0.117,-0.022,0.128,-0.337*,-0.262,,phosphoribosylaminoimidazole carboxylase,Phosphoribosylaminoimidazole carboxylase ATPase subunit (EC 4.1.1.21),
NATL2A_674125_673775,PMN2A_0118,NATL2_07251,PMN2A_RS03540,-0.021,0.44,0.101,-0.091,0.036,0.386*,0.434*,,hypothetical protein,FIG00943508: hypothetical protein,
NATL2A_674760_674894,PMN2A_1941,NATL2_07271,,0.039,0.628,0.526,-0.05,-0.011,0.906*,0.964*,,,hypothetical protein,
NATL2A_675795_675941,PMN2A_1942,NATL2_07281,,0.066,0.416,0.11,-0.186,-0.245,0.525*,0.53*,,,FIG00943280: hypothetical protein,
NATL2A_676613_676437,PMN2A_1944,NATL2_07301,,0.109,0.039,-0.106,0.047,-0.421,-0.497*,-0.263,,,FIG00941520: hypothetical protein,
NATL2A_678811_678620,PMN2A_0122,NATL2_07331,,0.142,0.231,0.409,-0.026,0.011,0.479*,0.438*,,,FIG00944041: hypothetical protein,
NATL2A_685800_686303,PMN2A_0131,NATL2_07451,PMN2A_RS03610,-0.274,-0.32,-0.449,0.156,0.003,-0.706*,-0.602*,,membrane protein,predicted membrane protein (COG2259),
NATL2A_694419_695579,PMN2A_0142,NATL2_07561,PMN2A_RS03665,0.03,-0.038,-0.056,0.047,0.159*,0.017,0.107,,alanine--glyoxylate aminotransferase,Serine--pyruvate aminotransferase (EC 2.6.1.51) / L-alanine:glyoxylate aminotransferase (EC 2.6.1.44),
NATL2A_696074_695562,PMN2A_0143,NATL2_07571,PMN2A_RS03670,-0.03,-0.166,-0.21,-0.018,0.038,-0.096,-0.492*,,tRNA-specific adenosine deaminase,tRNA-specific adenosine-34 deaminase (EC 3.5.4.-),
NATL2A_696180_697550,PMN2A_0144,NATL2_07581,PMN2A_RS03675,0.045,-0.184,-0.054,-0.043,-0.178,-0.297*,-0.432*,,pyridoxal-dependent decarboxylase,Pyridoxal-dependent decarboxylase family protein,
NATL2A_706279_706971,PMN2A_0154,NATL2_07681,PMN2A_RS03725,0.013,0.209,0.168,0.06,-0.142,-0.509*,-0.051,,ABC transporter,"Cell division transporter, ATP-binding protein FtsE (TC 3.A.5.1.1)",
NATL2A_710910_713447,PMN2A_0160,NATL2_07741,PMN2A_RS03750,-0.048,0.111,-0.01,0.008,-0.391*,-0.244,-0.336,recG,ATP-dependent DNA helicase RecG,ATP-dependent DNA helicase RecG (EC 3.6.1.-),
NATL2A_716389_714245,PMN2A_0162,NATL2_07761,PMN2A_RS03760,0.056,-0.019,-0.035,0.043,-0.25*,-0.054,-0.037,,sulfite reductase,Ferredoxin--sulfite reductase (EC 1.8.7.1),
NATL2A_720082_718751,PMN2A_0164,NATL2_07781,PMN2A_RS03770,-0.016,0.09,0.056,0.033,0.046,0.221*,0.175,,geranylgeranyl diphosphate reductase,Geranylgeranyl hydrogenase BchP; Geranylgeranyl reductase (EC 1.3.1.83),
NATL2A_735574_735969,PMN2A_0179,NATL2_07931,PMN2A_RS03845,0.244,0.092,-0.228,-0.148,-0.415,-0.263,-0.539*,,hypothetical protein,FIG00940546: hypothetical protein,
NATL2A_760561_760394,PMN2A_0208,NATL2_08211,PMN2A_RS03985,-0.046,0.1,0.053,-0.076,0.12,0.257*,0.218,,hypothetical protein,FIG00940552: hypothetical protein,
NATL2A_763431_763982,PMN2A_0212,NATL2_08251,PMN2A_RS04005,0.136,0.131,0.204,-0.211,-0.042,0.4*,0.46*,,ferritin,ferritin,
NATL2A_770004_769813,PMN2A_0219,NATL2_08321,,0.122,0.251,0.014,-0.122,0.161,0.496*,0.537*,,,FIG00941860: hypothetical protein,
NATL2A_773377_772415,PMN2A_0222,NATL2_08351,PMN2A_RS04050,-0.118,-0.141,-0.198,-0.065,0.044,-0.071,-0.43*,,asparaginase,Hypothetical protein of L-Asparaginase type 2-like superfamily,
NATL2A_780794_780576,PMN2A_0230,NATL2_08441,PMN2A_RS04090,-0.044,0.324,0.237,-0.084,0.1,0.433*,0.314*,,hypothetical protein,hypothetical protein,
NATL2A_780931_781794,PMN2A_0231,NATL2_08451,PMN2A_RS04095,0.011,-0.17,-0.123,0.009,0.1,-0.497,-0.596*,,tartronate semialdehyde reductase,2-hydroxy-3-oxopropionate reductase (EC 1.1.1.60),
NATL2A_786465_785152,PMN2A_0237,NATL2_08501,PMN2A_RS04120,0.025,-0.151,0.01,0.263,0.294*,-0.012,0.089,,iron transporter,FIG00944807: hypothetical protein,
NATL2A_795269_795646,PMN2A_0249,NATL2_08631,PMN2A_RS04180,0.024,0.198,0.28,-0.139,0.055,0.371*,0.537*,,hypothetical protein,Possible NADH-ubiquinone/plastoquinone,
NATL2A_796299_797138,PMN2A_0252,NATL2_08661,PMN2A_RS04190,0.199,-0.11,-0.492,0.074,0.128,-0.715*,-0.213,,undecaprenyl-diphosphatase,Undecaprenyl-diphosphatase (EC 3.6.1.27),
NATL2A_803700_803999,PMN2A_0260,NATL2_08761,PMN2A_RS04235,-0.261,-0.429,-0.131,0.145,0.079,-0.422*,-0.325,,sulfate transporter,Putative anti-sigma factor antagonist,
NATL2A_805889_806119,PMN2A_0263,NATL2_08791,PMN2A_RS04250,-0.121,0.266,0.293,-0.09,0.047,0.455*,0.259,,hypothetical protein,"Hypothetical protein, Slr0957 homolog",
NATL2A_807682_811200,PMN2A_0265,NATL2_08811,PMN2A_RS04260,0.106,0.164,0.145,0.006,0.069,0.239*,0.211*,dnaE,DNA polymerase III subunit alpha,DNA polymerase III alpha subunit (EC 2.7.7.7),
NATL2A_818682_818248,PMN2A_0275,NATL2_08911,PMN2A_RS04310,0.355,-0.261,-0.121,0.057,-0.286,-0.656*,-0.097,umuD,SOS mutagenesis protein UmuD,Error-prone repair protein UmuD,
NATL2A_819182_818745,PMN2A_0276,NATL2_08921,PMN2A_RS04315,-0.021,-0.223,-0.334,-0.132,-0.213,-0.476*,-0.52*,rlmH,ribosomal RNA large subunit methyltransferase H,LSU m3Psi1915 methyltransferase RlmH,
NATL2A_819558_819193,PMN2A_0277,NATL2_08931,PMN2A_RS04320,-0.14,-0.306,-0.165,0.051,0.029,-0.3,-0.431*,,hypothetical protein,FIG00941205: hypothetical protein,
NATL2A_825998_825801,PMN2A_0285,NATL2_09011,PMN2A_RS04360,0.052,0.417,0.203,0.081,0.142,0.537*,0.392*,,hypothetical protein,Predicted protein family PM-1,
NATL2A_828328_827984,PMN2A_0287,NATL2_09041,PMN2A_RS04370,-0.004,0.269,0.33,-0.085,-0.019,0.327*,0.264,,hypothetical protein,hypothetical membrane protein,
NATL2A_828544_828822,PMN2A_0288,NATL2_09051,PMN2A_RS04375,-0.09,0.282,0.202,-0.133,0.043,0.379*,0.286,,hypothetical protein,FIG00940338: hypothetical protein,
NATL2A_829083_829208,PMN2A_1955,NATL2_09061,,-0.044,0.136,0.469,0.006,0.066,0.51*,0.441*,,,FIG00940320: hypothetical protein,
NATL2A_829473_829171,PMN2A_0289,NATL2_09071,PMN2A_RS04380,0.021,0.04,-0.188,-0.198,-0.215,-0.376*,-0.085,,hypothetical protein,FIG113347: hypothetical protein,
NATL2A_830506_831096,PMN2A_0292,NATL2_09101,PMN2A_RS04390,-0.017,-0.129,-0.129,0.09,0.12,-0.205*,-0.189,,ATP-dependent Clp protease proteolytic subunit,ATP-dependent Clp protease proteolytic subunit (EC 3.4.21.92),
NATL2A_841455_841111,PMN2A_0302,NATL2_09201,PMN2A_RS04440,-0.229,-0.165,-0.133,-0.345,-0.56*,-0.91*,-0.91*,,hypothetical protein,FIG00941471: hypothetical protein,
NATL2A_841760_841452,PMN2A_0303,NATL2_09211,PMN2A_RS04445,-0.266,0.033,-0.066,-0.349,-0.89*,-0.725*,-0.774*,,hypothetical protein,FIG00942767: hypothetical protein,
NATL2A_842479_842324,PMN2A_0305,NATL2_09241,PMN2A_RS04455,-0.022,0.049,0.18,0.05,0.026,0.239,0.263*,rpmB,50S ribosomal protein L28,LSU ribosomal protein L28p,
NATL2A_858684_860174,PMN2A_0320,NATL2_09391,PMN2A_RS04535,0.045,0.111,0.124,0.025,-0.019,0.362*,0.205,pgi,glucose-6-phosphate isomerase,Glucose-6-phosphate isomerase (EC 5.3.1.9),
NATL2A_892078_892257,PMN2A_1959,NATL2_09681,PMN2A_RS04680,0.116,0.076,0.413,-0.311,-0.654*,0.271,-0.114,,hypothetical protein,FIG00944170: hypothetical protein,
NATL2A_893462_893328,,,,0.05,-0.077,0.039,-0.332,-1.273*,-1.378*,-1.197*,,,hypothetical protein,
NATL2A_901178_901357,PMN2A_0354,NATL2_09821,PMN2A_RS04735,-0.026,0.074,0.088,-0.137,-0.044,0.321*,0.2,rpmF,50S ribosomal protein L32,LSU ribosomal protein L32p,
NATL2A_902432_901686,PMN2A_0356,NATL2_09841,PMN2A_RS04745,-0.174,0.079,0.184,-0.234,-0.146,0.442*,0.056,,haloacid dehalogenase,Hypothetical protein CbbY,
NATL2A_909713_911158,PMN2A_0364,NATL2_09931,PMN2A_RS04785,0.031,0.041,-0.04,-0.031,0.016,-0.246*,-0.102,tldD,hypothetical protein,"TldD protein, part of proposed TldE/TldD proteolytic complex (PMID 12029038)",
NATL2A_918732_918899,PMN2A_0370,NATL2_09991,PMN2A_RS04815,-0.09,-0.505,-0.442,0.183,-0.274,-0.461,-0.655*,,hypothetical protein,FIG01276757: hypothetical protein,
NATL2A_919161_918907,PMN2A_0371,NATL2_10001,PMN2A_RS04820,0.165,0.082,0.143,0.071,-0.04,0.285*,0.349*,,hypothetical protein,FIG00944261: hypothetical protein,
NATL2A_919757_919269,PMN2A_0372,NATL2_10011,PMN2A_RS04825,0.292,-0.163,-0.226,-0.092,0.173,-0.457*,-0.067,,SAM-dependent methyltransferase,FIG01152565: hypothetical protein,
NATL2A_924912_928856,PMN2A_0380,NATL2_10081,PMN2A_RS04865,0.089,0.066,0.03,0.038,0.097,0.116,0.165*,,magnesium chelatase,Protoporphyrin IX Mg-chelatase subunit H (EC 6.6.1.1),
NATL2A_932469_932696,PMN2A_0385,NATL2_10131,PMN2A_RS04890,-0.173,0.031,0.275,0.139,-0.022,0.623*,0.399*,,hypothetical protein,FIG00940463: hypothetical protein,
NATL2A_932844_933134,PMN2A_0386,NATL2_10141,PMN2A_RS04895,0.135,0.067,-0.302,0.104,-0.277,0.472*,-0.124,,hypothetical protein,FIG00944614: hypothetical protein,
NATL2A_933502_933642,,,,0.1,0.319,0.519,0.215,0.169,0.521,0.624*,,,FIG00944453: hypothetical protein,
NATL2A_935898_935698,PMN2A_1969,NATL2_10201,PMN2A_RS04920,0.067,0.273,0.372,-0.129,0.067,0.587*,0.627*,,hypothetical protein,FIG00940311: hypothetical protein,
NATL2A_936124_937161,PMN2A_0390,NATL2_10211,PMN2A_RS04925,0.134,-0.111,-0.356,-0.245,-0.419*,-0.837*,-0.645*,,NADH-ubiquinone oxidoreductase subunit 6,NADPH-dependent reductase,
NATL2A_937362_937192,PMN2A_1970,NATL2_10221,,0.061,0.534,0.425,0.015,0.068,1.24*,0.807*,,,FIG00941731: hypothetical protein,
NATL2A_937590_937384,PMN2A_1971,NATL2_10231,PMN2A_RS04930,0.083,0.444,0.45,-0.022,0.037,1.12*,1.025*,,hypothetical protein,FIG00940645: hypothetical protein,
NATL2A_947025_947276,PMN2A_0404,NATL2_10421,PMN2A_RS05010,-0.027,0.286,-0.093,-0.033,-0.869*,-0.677*,-0.665*,,hypothetical protein,FIG00943812: hypothetical protein,
NATL2A_947356_947484,PMN2A_0405,NATL2_10431,,-0.105,0.134,0.39,-0.092,-0.629*,-0.327,-0.434,,,FIG00942327: hypothetical protein,
NATL2A_950942_951109,,,,-0.343,0.115,0.231,-0.034,-0.03,0.424*,0.494*,,,hypothetical protein,
NATL2A_955715_955969,PMN2A_0414,NATL2_10571,PMN2A_RS05070,0.409,0.592,0.636,0.112,0.195,1.104*,0.76*,,hypothetical protein,FIG00942343: hypothetical protein,
NATL2A_956037_956291,PMN2A_0415,NATL2_10581,PMN2A_RS05075,0.034,0.183,0.204,0,0.106,0.323*,0.216,,hypothetical protein,hypothetical protein,
NATL2A_956799_956677,,,,0.201,0.127,-0.087,-0.265,-0.605*,-0.631*,-0.618*,,,hypothetical protein,
NATL2A_957067_956948,PMN2A_0417,NATL2_10601,PMN2A_RS05085,-0.062,0.025,-0.107,-0.151,-0.649*,-0.608*,-0.714*,,high light inducible protein,possible high light inducible protein,Array 2
NATL2A_957216_957067,PMN2A_0418,NATL2_10611,PMN2A_RS05090,-0.005,-0.022,-0.107,-0.204,-0.653*,-0.566*,-0.737*,,high light inducible protein,FIG00940228: hypothetical protein,Array 2
NATL2A_957362_957216,PMN2A_0419,NATL2_10621,PMN2A_RS05095,-0.076,-0.091,-0.204,-0.236,-0.649*,-0.592*,-0.713*,,high light inducible protein,possible high light inducible protein,Array 2
NATL2A_957481_957362,PMN2A_1983,NATL2_10631,PMN2A_RS05100,-0.029,-0.11,-0.058,-0.227,-0.625*,-0.58*,-0.671*,,high light inducible protein,hypothetical protein,Array 2
NATL2A_957516_957623,PMN2A_0420,NATL2_10641,PMN2A_RS05105,-0.093,-0.04,-0.154,-0.178,-0.569*,-0.499*,-0.622*,,high light inducible protein,HMM_identified_hli(new),Array 2
NATL2A_960801_960661,PMN2A_1985,NATL2_10711,,0.221,-0.109,0.118,-0.137,-0.592,-0.288,-0.738*,,,hypothetical protein,
NATL2A_964678_964175,PMN2A_0429,NATL2_10791,PMN2A_RS05155,-0.186,-0.259,-0.457,0.265,-0.022,-0.854*,-0.669*,PTOX,plastoquinol terminal oxidase,hypothetical protein,
NATL2A_964973_964797,PMN2A_0430,NATL2_10801,,-0.197,-0.251,0.158,-0.037,-0.694*,-0.238,-0.312,,,hypothetical protein,
NATL2A_965993_966253,PMN2A_0432,NATL2_10821,PMN2A_RS05165,0.04,0.046,0.001,-0.236,-0.878*,-0.567*,-0.561*,,hypothetical protein,FIG00940284: hypothetical protein,
NATL2A_966513_966635,,,,0.079,-0.1,-0.207,-0.789,-1.137,-0.901,-0.875*,,,hypothetical protein,
NATL2A_966947_966651,PMN2A_0433,NATL2_10841,,-0.17,-0.48,-0.311,-0.003,-0.043,-0.705*,-0.648*,,,FIG00940767: hypothetical protein,Array 3
NATL2A_967126_966956,PMN2A_0434,NATL2_10851,,-0.214,-0.443,-0.385,0.13,-0.016,-0.674*,-0.675*,,,high light inducible protein hli11,Array 3
NATL2A_967229_967405,PMN2A_1992,NATL2_10861,,-0.226,-0.587,-0.451,0.036,-0.21,-0.918*,-1.063*,,,hypothetical protein,
NATL2A_967408_967584,PMN2A_1993,NATL2_10871,,-0.246,-0.612,-0.405,-0.011,-0.133,-0.923*,-0.936*,,,hypothetical protein,
NATL2A_967693_967830,PMN2A_1994,NATL2_10881,,0.158,-0.467,-0.283,-0.161,-0.493,-0.863*,-1.045*,,,hypothetical protein,
NATL2A_969669_970406,PMN2A_0436,NATL2_10921,PMN2A_RS05195,-0.051,0.272,-0.221,-0.124,-0.685*,-0.329,-0.301,,DNA-binding response regulator,Phosphate regulon transcriptional regulatory protein PhoB (SphR),
NATL2A_978659_977427,PMN2A_0443,NATL2_11001,PMN2A_RS05235,0.243,-0.006,0.129,0.25,0.089,-0.518*,-0.05,,chromate transporter,"putative chromate transporter, CHR family",
NATL2A_985014_985280,PMN2A_0452,NATL2_11101,PMN2A_RS05280,0.144,0.107,0.158,-0.33,-0.408,-0.498*,-0.647*,,fumarate reductase,hypothetical protein,
NATL2A_985407_985685,PMN2A_0453,NATL2_11111,PMN2A_RS05285,0.088,-0.086,0.209,0.009,-0.273,-0.575*,-0.301,,hypothetical protein,FIG00944596: hypothetical protein,
NATL2A_985877_985725,,,,0.081,0.229,0.196,0.13,0.173,0.339*,0.263,,,hypothetical protein,
NATL2A_990287_990697,PMN2A_0460,NATL2_11251,PMN2A_RS05320,0.267,-0.007,0.087,-0.212,0.01,0.352*,-0.001,,DUP family protein,FIG00944013: hypothetical protein,
NATL2A_991220_992068,PMN2A_0462,NATL2_11271,PMN2A_RS05330,0.019,0.329,0.042,-0.05,0.007,0.173,0.271*,,cytochrome D ubiquinol oxidase subunit II,FIG00943988: hypothetical protein,
NATL2A_993831_993670,PMN2A_2007,NATL2_11331,,0.002,0.538,0.458,-0.364,-0.203,0.443,0.716*,,,hypothetical protein,
NATL2A_994544_994278,PMN2A_0467,NATL2_11351,PMN2A_RS05355,-0.153,-0.05,-0.071,-0.353,-1.298*,-0.941*,-0.922*,,hypothetical protein,predicted protein family PM-17,
NATL2A_1000681_1000484,PMN2A_0476,NATL2_11461,PMN2A_RS05400,-0.205,-0.391,-0.211,-0.391,-1.862*,-1.441*,-1.579*,,hypothetical protein,FIG00943025: hypothetical protein,
NATL2A_1003212_1003412,PMN2A_0479,NATL2_11501,PMN2A_RS05420,0.089,0.223,0.237,0.015,0.055,0.384*,0.374*,,hypothetical protein,Predicted protein family PM-26,
NATL2A_1003675_1003869,PMN2A_0480,NATL2_11511,PMN2A_RS05425,0.265,0.137,0.067,0.066,0.123,0.322*,0.286*,,hypothetical protein,FIG00941730: hypothetical protein,
NATL2A_1003870_1003989,PMN2A_2012,NATL2_11521,,0.371,0.199,0.113,0.033,0.447*,0.107,-0.053,,,hypothetical protein,
NATL2A_1010999_1011568,PMN2A_0491,NATL2_11651,PMN2A_RS05485,0.132,-0.017,-0.068,-0.024,-0.152,-0.403*,-0.253,,epimerase,NAD dependent epimerase/dehydratase,
NATL2A_1014485_1014327,PMN2A_0494,NATL2_10685,,-0.049,0.713,0.509,-0.224,0.104,0.836*,0.848*,,,FIG00941984: hypothetical protein,
NATL2A_1015052_1014789,PMN2A_0495,NATL2_11701,PMN2A_RS05505,0.023,0.301,0.441,-0.071,0.08,0.391*,0.358*,,hypothetical protein,FIG00940660: hypothetical protein,
NATL2A_1015252_1015058,PMN2A_2017,NATL2_11711,PMN2A_RS05510,-0.124,0.392,0.415,-0.043,-0.037,0.397*,0.285,,hypothetical protein,hypothetical protein,
NATL2A_1015791_1015952,PMN2A_2019,NATL2_11731,,0.01,0.661,0.446,0.038,0.058,1.023*,0.852*,,,hypothetical protein,
NATL2A_1016515_1016366,PMN2A_2020,NATL2_11751,,-0.095,0.256,0.271,-0.085,-0.106,0.244,0.368*,,,FIG00943653: hypothetical protein,
NATL2A_1017741_1017190,PMN2A_0498,NATL2_11771,PMN2A_RS05525,0.146,0.278,0.311,0.052,-0.082,0.247,0.333*,,nitroreductase,FIG00942760: hypothetical protein,
NATL2A_1018453_1018322,,,,-0.314,-0.03,-0.45,-0.152,-0.782*,-0.571*,-0.746*,,,FIG00941999: hypothetical protein,
NATL2A_1018774_1018577,PMN2A_0500,NATL2_11791,,-0.018,0.094,0.26,-0.288,-0.081,0.55*,0.49,,,hypothetical protein,
NATL2A_1021857_1022072,PMN2A_2021,NATL2_11841,PMN2A_RS05550,-0.063,-0.083,-0.099,0.032,0.31*,0.233*,0.05,,hypothetical protein,hypothetical protein,
NATL2A_1023174_1023049,PMN2A_0507,NATL2_11871,PMN2A_RS05560,-0.046,-0.218,-0.41,-0.357,-1.027*,-0.987*,-1.058*,,high light inducible protein,possible high light inducible protein,Array 4
NATL2A_1023320_1023174,PMN2A_0508,NATL2_11881,PMN2A_RS05565,-0.039,-0.149,-0.254,-0.465*,-1.153*,-1.029*,-1.131*,,high light inducible protein,possible high light inducible protein,Array 4
NATL2A_1023439_1023320,PMN2A_2022,NATL2_11891,PMN2A_RS05570,-0.07,-0.177,-0.153,-0.409*,-1.254*,-1.129*,-1.242*,,high light inducible protein,hypothetical protein,Array 4
NATL2A_1023689_1023474,PMN2A_0509,NATL2_11911,PMN2A_RS05575,-0.079,-0.127,-0.19,-0.427*,-1.285*,-1.114*,-1.209*,,high light inducible protein,FIG00940767: hypothetical protein,Array 4
NATL2A_1024786_1024055,PMN2A_0511,NATL2_11931,PMN2A_RS05585,0.01,-0.041,-0.099,-0.237,-0.311,-0.429*,-0.195,,glutamine amidotransferase,Glutamine amidotransferase class-I,
NATL2A_1027525_1027373,PMN2A_2027,NATL2_12021,PMN2A_RS05620,0.088,-0.147,-0.268,-0.228,-0.84*,-1.062*,-0.818*,,hypothetical protein,hypothetical protein,
NATL2A_1027790_1027587,PMN2A_2028,NATL2_12031,PMN2A_RS05625,0.002,0.019,-0.206,-0.217,-1.185*,-0.796*,-1.046*,,hypothetical protein,hypothetical protein,
NATL2A_1031900_1032022,PMN2A_2033,NATL2_12141,,0.061,-0.014,0.096,-0.314,-0.735*,-0.014,-0.312,,,hypothetical protein,
NATL2A_1032199_1032044,PMN2A_2034,NATL2_12151,,0.19,0.205,0.531,0.077,0.302,0.826*,0.848*,,,FIG00943063: hypothetical protein,
NATL2A_1034595_1034735,PMN2A_0525,NATL2_12181,,0.165,0.442,0.487,-0.134,-0.087,0.891*,1*,,,FIG00942513: hypothetical protein,
NATL2A_1035503_1035261,PMN2A_0526,NATL2_12191,PMN2A_RS05675,-0.049,0.04,-0.012,-0.386,-0.668*,-0.585*,-0.228,,hypothetical protein,FIG00941647: hypothetical protein,
NATL2A_1035742_1035527,PMN2A_0527,NATL2_12201,PMN2A_RS05680,-0.143,-0.094,-0.104,-0.058,-0.677*,-0.374,-0.448,,deacetylase,FIG00943923: hypothetical protein,
NATL2A_1036100_1036258,PMN2A_0528,NATL2_12211,PMN2A_RS05685,0.278,0.695,0.169,0.316,-0.296,-0.572,-0.597*,,hypothetical protein,FIG00942245: hypothetical protein,
NATL2A_1036555_1036343,PMN2A_0529,NATL2_12221,PMN2A_RS05690,-0.474,-0.606,-0.522,0.054,-0.046,-0.34,-0.536*,,hypothetical protein,FIG00942248: hypothetical protein,
NATL2A_1037231_1037383,PMN2A_0530,NATL2_12241,PMN2A_RS05695,0.098,-0.004,-0.115,-0.181,-0.37,-0.819*,-0.775*,,hypothetical protein,FIG00943345: hypothetical protein,
NATL2A_1037410_1038210,PMN2A_0531,NATL2_12251,PMN2A_RS05700,0.053,-0.004,-0.078,-0.178,-0.357,-0.516*,-0.411*,,haloacid dehalogenase,COG0546: Predicted phosphatases,
NATL2A_1043912_1044046,PMN2A_2042,NATL2_12361,,0.039,-0.223,-0.181,-0.355,-1.266*,-0.835*,-0.953*,,,FIG00944057: hypothetical protein,
NATL2A_1044046_1044213,PMN2A_2043,NATL2_12371,,-0.087,-0.378,-0.368,-0.371,-0.918*,-0.784*,-0.844*,,,FIG00942040: hypothetical protein,
NATL2A_1044450_1044322,PMN2A_0539,NATL2_12381,PMN2A_RS05755,-0.104,0.021,0.282,-0.24,-0.761*,-0.463,-0.672*,,hypothetical protein,FIG00943366: hypothetical protein,
NATL2A_1044793_1044638,PMN2A_2044,NATL2_12391,PMN2A_RS05760,-0.071,0.064,-0.07,-0.057,-0.228,-0.595,-0.706*,,hypothetical protein,FIG00941275: hypothetical protein,
NATL2A_1044989_1045201,PMN2A_2045,NATL2_12401,PMN2A_RS05765,-0.228,-0.49,-0.078,-0.29,-0.015,-0.512*,-0.305,,hypothetical protein,FIG00941096: hypothetical protein,
NATL2A_1045435_1045253,PMN2A_2046,NATL2_12411,PMN2A_RS05770,0.189,0.386,0.634,-0.061,-0.051,0.929*,0.841*,,hypothetical protein,FIG00943072: hypothetical protein,
NATL2A_1046563_1046129,PMN2A_0541,NATL2_12441,PMN2A_RS05785,0.065,0.261,0.736,-0.287,-0.09,0.76*,0.492,,hypothetical protein,FIG00942013: hypothetical protein,
NATL2A_1046746_1046913,PMN2A_2049,NATL2_12461,,0.158,0.285,0.413,-0.155,-0.143,0.81*,0.813*,,,hypothetical protein,
NATL2A_1047324_1047512,PMN2A_0542,NATL2_12481,PMN2A_RS05790,0.046,0.226,0.655,-0.107,-0.076,0.85,0.8*,,hypothetical protein,FIG00943443: hypothetical protein,
NATL2A_1051693_1051812,PMN2A_2056,NATL2_12581,,-0.199,0.043,-0.285,-0.567,0.084,0.063,0.602*,,,hypothetical protein,
NATL2A_1052140_1051835,PMN2A_0547,NATL2_12591,PMN2A_RS05815,0.238,0.176,0.346,0.159,0.126,0.615*,0.678*,,hypothetical protein,FIG00942191: hypothetical protein,
NATL2A_1052333_1052211,PMN2A_2057,NATL2_12601,,0.352,0.246,0.01,-0.04,0.448,0.553*,0.554*,,,FIG00941473: hypothetical protein,
NATL2A_1052907_1052761,PMN2A_0548,NATL2_12621,,0.063,-0.097,-0.42,-0.407,0.207,-0.261,-0.724*,,,high light inducible protein hli11,
NATL2A_1053698_1053408,PMN2A_0549,NATL2_12631,PMN2A_RS05825,0.372,0.121,0.542,-0.042,0.077,0.438,0.569*,,cytochrome oxidase,cytochrome oxidase C subunit VIb-like,
NATL2A_1054428_1054568,PMN2A_2060,NATL2_12641,PMN2A_RS05830,0.387,-0.048,0.034,-0.175,-0.856*,-0.484,-0.38,,hypothetical protein,FIG00941579: hypothetical protein,
NATL2A_1055145_1055020,PMN2A_0551,NATL2_12661,PMN2A_RS05840,-0.004,0.005,-0.293,-0.378,-1.212*,-1.141*,-1.051*,,high light inducible protein,possible high light inducible protein,Array 5
NATL2A_1055291_1055145,PMN2A_0552,NATL2_12671,PMN2A_RS05845,-0.045,-0.178,-0.291,-0.385*,-1.151*,-1.028*,-0.948*,,high light inducible protein,FIG00940228: hypothetical protein,Array 5
NATL2A_1055410_1055291,PMN2A_2061,NATL2_12681,PMN2A_RS05850,-0.045,-0.181,-0.277,-0.359*,-1.196*,-1.082*,-1.077*,,high light inducible protein,hypothetical protein,Array 5
NATL2A_1055660_1055445,PMN2A_0553,NATL2_12691,PMN2A_RS05855,-0.002,-0.162,-0.354,-0.408*,-1.211*,-1.06*,-1.242*,,high light inducible protein,FIG00940767: hypothetical protein,Array 5
NATL2A_1062398_1061925,PMN2A_0561,NATL2_12791,,0.217,-0.03,-0.132,-0.484,-1.144*,-1.436*,-1.215*,,,FIG00942887: hypothetical protein,
NATL2A_1064377_1064559,PMN2A_0566,NATL2_12841,PMN2A_RS05915,-0.192,0.097,0.184,-0.016,0.037,0.194,0.386*,,hypothetical protein,Predicted protein family PM-5,
NATL2A_1065761_1065387,PMN2A_0568,NATL2_12861,PMN2A_RS05925,-0.247,0.18,-0.334,-0.146,-0.892*,-0.766*,-0.48,,hypothetical protein,FIG00941533: hypothetical protein,
NATL2A_1066136_1065933,PMN2A_0569,NATL2_12865,PMN2A_RS05930,0.22,-0.231,0.215,-0.167,-1.139*,-1.248*,-1.28*,,hypothetical protein,FIG00940788: hypothetical protein,
NATL2A_1066296_1066171,,,,-0.062,-0.111,0.121,-0.161,-1.147*,-0.877*,-1.053*,,,hypothetical protein,
NATL2A_1066425_1066312,,NATL2_12871,,-0.093,-0.229,-0.076,-0.283,-1.272*,-1.144*,-1.208*,,,hypothetical protein,
NATL2A_1066686_1066570,,,,-0.136,-0.31,-0.033,-0.355*,-0.986*,-1.023*,-1.185*,,,hypothetical protein,
NATL2A_1066799_1066683,PMN2A_0570,NATL2_12881,,-0.182,-0.337,-0.216,-0.347,-0.779*,-0.826*,-0.997*,,,hypothetical protein,
NATL2A_1071178_1071372,,NATL2_12981,PMN2A_RS05965,-0.088,-0.431,0.077,-0.103,0.009,-0.656*,-0.074,,hypothetical protein,hypothetical protein,
NATL2A_1072081_1071947,PMN2A_2075,NATL2_13011,,0.156,0.156,0.48,-0.324,-1.039*,-0.085,-0.274,,,hypothetical protein,
NATL2A_1072251_1072090,PMN2A_2076,NATL2_13021,,0.086,0.138,0.413,-0.329,-0.827*,0.061,-0.077,,,Conserved hypothetical protein,
NATL2A_1072599_1072706,PMN2A_0576,NATL2_13031,PMN2A_RS05975,-0.113,-0.242,-0.213,-0.114,0.144,-0.358*,-0.318,,high light inducible protein,HMM_identified_hli(new),Array 6
NATL2A_1073129_1073004,,NATL2_13041,PMN2A_RS05980,0.049,-0.076,-0.306,-0.442,-1.236*,-1.075*,-1.234*,,high light inducible protein,possible high light inducible protein,Array 6
NATL2A_1073275_1073129,PMN2A_0577,NATL2_13051,PMN2A_RS05985,-0.055,-0.166,-0.209,-0.377*,-1.137*,-0.966*,-1.118*,,high light inducible protein,possible high light inducible protein,Array 6
NATL2A_1073394_1073275,PMN2A_2077,NATL2_13061,PMN2A_RS05990,-0.123,-0.166,-0.256,-0.303*,-1.051*,-0.967*,-1.084*,,high light inducible protein,hypothetical protein,Array 6
NATL2A_1073644_1073429,PMN2A_0578,NATL2_13081,PMN2A_RS05995,-0.097,-0.174,-0.26,-0.338*,-1.114*,-1.018*,-1.219*,,high light inducible protein,FIG00940767: hypothetical protein,Array 6
NATL2A_1074896_1074630,PMN2A_0580,NATL2_13111,,-0.049,-0.486,-0.348,0.026,0.106,-0.478,-0.616*,,,FIG00940508: hypothetical protein,
NATL2A_1076235_1076429,PMN2A_0581,NATL2_13141,PMN2A_RS06010,0.076,0.176,0.505,-0.289,-0.203,0.699*,0.628*,,hypothetical protein,FIG00941407: hypothetical protein,
NATL2A_1080617_1080465,PMN2A_2085,NATL2_13231,,-0.054,0.047,0.344,-0.211,0.02,0.602*,0.383,,,hypothetical protein,
NATL2A_1081733_1081602,PMN2A_0589,NATL2_13251,PMN2A_RS06060,-0.16,-0.227,-0.125,-0.109,-0.037,-0.566*,-0.609*,,hypothetical protein,FIG00942122: hypothetical protein,
NATL2A_1082696_1082550,PMN2A_2087,NATL2_13271,,-0.006,-0.309,-0.272,-0.235,-0.851*,-0.621*,-0.819*,,,FIG00943034: hypothetical protein,
NATL2A_1082950_1082693,PMN2A_0590,NATL2_13281,PMN2A_RS06065,0.128,-0.169,-0.098,-0.415,-0.632*,-0.439*,-0.805*,,hypothetical protein,FIG00941013: hypothetical protein,
NATL2A_1083171_1083007,PMN2A_2088,NATL2_13291,,-0.385,-0.248,-0.024,-0.351,-0.872*,-0.572*,-0.54*,,,FIG00943534: hypothetical protein,
NATL2A_1084642_1084526,,,,0.02,0.083,-0.034,-0.506,-1.968*,-1.308*,-1.492*,,,hypothetical protein,
NATL2A_1085056_1084895,PMN2A_2091,NATL2_13331,,0.05,0.169,0.262,-0.325,-1.172*,-0.044,-0.215,,,Conserved hypothetical protein,
NATL2A_1085727_1085843,,,,-0.102,-0.165,-0.065,-0.235,-1.329*,-1.425*,-1.082*,,,hypothetical protein,
NATL2A_1085996_1086148,PMN2A_0592,NATL2_13341,PMN2A_RS06075,0.129,-0.112,-0.372,-0.178,-1.41*,-1.465*,-1.276*,,hypothetical protein,FIG00942845: hypothetical protein,
NATL2A_1089512_1089363,PMN2A_2099,NATL2_13431,,0.158,-0.118,0.151,-0.583,-1.318*,-1.263*,-1.292*,,,FIG00942400: hypothetical protein,
NATL2A_1090399_1090277,PMN2A_2101,NATL2_13461,,0.03,-0.016,0.648,-0.008,0.019,0.581*,0.198,,,FIG00944709: hypothetical protein,
NATL2A_1090369_1090569,,NATL2_13471,,0.142,-0.149,0.046,-0.222,-0.008,-0.226,-0.659*,,,FIG00942162: hypothetical protein,
NATL2A_1095361_1095236,PMN2A_0602,NATL2_13581,PMN2A_RS06140,0.028,-0.135,-0.347,-0.266,-0.903*,-1.115*,-1.03*,,high light inducible protein,possible high light inducible protein,Array 7
NATL2A_1095510_1095361,PMN2A_0603,NATL2_13591,PMN2A_RS06145,0.038,-0.176,-0.395,-0.297,-0.956*,-1.066*,-1.011*,,high light inducible protein,FIG00940228: hypothetical protein,Array 7
NATL2A_1095629_1095510,PMN2A_2108,NATL2_13601,PMN2A_RS06150,-0.052,-0.291,-0.251,-0.15,-0.787*,-0.996*,-0.917*,,high light inducible protein,hypothetical protein,Array 7
NATL2A_1095787_1095650,PMN2A_0604,NATL2_13611,PMN2A_RS06155,-0.048,-0.276,-0.321,-0.099,-0.734*,-0.965*,-0.908*,,high light inducible protein,high light inducible protein hli11,Array 7
NATL2A_1097777_1097484,PMN2A_0607,NATL2_13651,PMN2A_RS06175,0.007,0.485,0.4,-0.067,-0.142,0.8*,0.745*,,hypothetical protein,FIG00944094: hypothetical protein,
NATL2A_1098467_1098300,PMN2A_0609,NATL2_13681,,-0.179,-0.302,-0.467,0.165,-0.161,-0.477*,-0.367,,,FIG00943952: hypothetical protein,
NATL2A_1099574_1099690,,NATL2_13711,,0.089,-0.183,-0.252,-0.291,-1.393*,-0.643*,-0.582*,,,hypothetical protein,
NATL2A_1104539_1104655,PMN2A_0615,NATL2_13771,PMN2A_RS06210,-0.249,-0.389,-0.334,0.364,0.06,-0.651*,-0.246,,hypothetical protein,FIG00941252: hypothetical protein,
NATL2A_1106558_1106722,PMN2A_0619,NATL2_13821,,0.089,0.59,0.45,-0.126,0.051,0.94*,0.906*,,,protein family PM-14,
NATL2A_1106738_1106920,PMN2A_0620,NATL2_13831,PMN2A_RS06235,0.095,0.554,0.502,-0.142,0.01,0.939*,0.902*,,hypothetical protein,FIG00942322: hypothetical protein,
NATL2A_1114704_1115204,PMN2A_0624,NATL2_13911,PMN2A_RS06270,0.204,-0.375,-0.052,-0.225,-0.758*,-0.697*,-0.845*,,hypothetical protein,FIG00942542: hypothetical protein,
NATL2A_1118486_1118605,,,,-0.065,-0.736,-0.441,0.182,0.078,-0.871*,-0.9*,,,hypothetical protein,
NATL2A_1120853_1120557,PMN2A_0632,NATL2_14021,PMN2A_RS06320,0.078,0.231,0.25,0.108,0.096,0.437*,0.302,,hypothetical protein,FIG00943108: hypothetical protein,
NATL2A_1121105_1120890,PMN2A_0633,NATL2_14031,PMN2A_RS06325,0.236,0.399,0.221,0.152,0.156,0.364,0.51*,,hypothetical protein,predicted protein,
NATL2A_1121254_1121129,,,,0.19,0.375,0.086,0.16,0.086,0.316,0.446*,,,FIG00944112: hypothetical protein,
NATL2A_1126184_1126453,PMN2A_0638,NATL2_14081,PMN2A_RS06355,0.066,-0.149,0.047,0.013,-0.146,0.058,-0.359*,,hypothetical protein,FIG00940583: hypothetical protein,
NATL2A_1144906_1144394,PMN2A_0653,NATL2_14231,PMN2A_RS06430,0.175,0.23,-0.034,-0.143,-0.088,-0.619*,-0.204,,hypothetical protein,FIG00940986: hypothetical protein,
NATL2A_1153384_1154502,PMN2A_0661,NATL2_14311,PMN2A_RS06470,-0.146,-0.081,-0.036,-0.077,-0.116,-0.13,-0.25*,,oxidoreductase,Glycerol dehydrogenase (EC 1.1.1.6),
NATL2A_1168197_1167640,PMN2A_0673,NATL2_14451,PMN2A_RS06530,-0.006,0.189,0.1,0.01,-0.001,0.146,0.288*,,hypothetical protein,FIG00941124: hypothetical protein,
NATL2A_1193449_1194186,PMN2A_0696,NATL2_14711,PMN2A_RS06645,0.197,-0.089,-0.147,-0.159,-0.091,-0.443*,-0.115,,rRNA methyltransferase,tRNA:Cm32/Um32 methyltransferase,
NATL2A_1199555_1199773,PMN2A_0703,NATL2_14781,PMN2A_RS06680,0.218,0.412,0.295,-0.022,0.061,0.581*,0.266,,hypothetical protein,FIG00940188: hypothetical protein,
NATL2A_1205730_1206572,PMN2A_0709,NATL2_14841,PMN2A_RS06710,-0.02,0.123,0.334,-0.06,0.145,0.29*,0.408*,,ribokinase,Ribokinase (EC 2.7.1.15),
NATL2A_1208362_1207808,PMN2A_0712,NATL2_14881,PMN2A_RS06730,-0.207,-0.3,-0.239,0.051,0.079,-0.34*,-0.263,,hypothetical protein,"Putative lumenal protein, contains 8 pentapeptide repeats, sll0301 homolog",
NATL2A_1208268_1208390,PMN2A_2129,NATL2_14891,,-0.042,-0.15,-0.26,0,-0.465,-0.534,-0.72*,,,hypothetical protein,
NATL2A_1217794_1218063,PMN2A_0724,NATL2_15021,PMN2A_RS06790,-0.16,0.016,0.323,-0.251,-0.74*,-0.113,-0.123,,hypothetical protein,FIG00942917: hypothetical protein,
NATL2A_1218072_1218191,PMN2A_0725,NATL2_15031,,-0.12,-0.086,0.271,-0.481,-0.652*,-0.406,-0.422,,,FIG00941821: hypothetical protein,
NATL2A_1218291_1219781,PMN2A_0726,NATL2_15041,PMN2A_RS06795,0.03,0.191,-0.206,-0.057,-0.185,-0.529*,-0.719*,,deoxyribodipyrimidine photo-lyase,FIG00941819: hypothetical protein,
NATL2A_1219906_1220355,PMN2A_0727,NATL2_15051,PMN2A_RS06800,-0.13,-0.294,0.388,-0.394,-0.658*,-0.466*,-0.617*,,peroxiredoxin,Alkyl hydroperoxide reductase subunit C-like protein,
NATL2A_1220372_1221487,PMN2A_0728,NATL2_15061,PMN2A_RS06805,0.053,-0.266,-0.004,-0.17,-0.316,-0.745*,-0.631*,phr,deoxyribodipyrimidine photo-lyase,Deoxyribodipyrimidine photolyase (EC 4.1.99.3),
NATL2A_1278691_1278056,PMN2A_0769,NATL2_15481,PMN2A_RS07015,0.177,0.046,-0.025,0.227,0.628*,-0.145,-0.252,,maf-like protein,Septum formation protein Maf,
NATL2A_1291171_1291527,PMN2A_0785,NATL2_15681,PMN2A_RS07110,0.125,-0.476,-0.107,-0.155,0.17,-0.218,-0.462*,,hypothetical protein,FIG00944098: hypothetical protein,
NATL2A_1292302_1292526,PMN2A_0786,NATL2_15711,PMN2A_RS07125,0.018,-0.587,-0.109,0.011,-0.163,-0.588*,-0.505,,carboxylesterase,Carboxylesterase,
NATL2A_1293229_1295568,PMN2A_0788,NATL2_15731,PMN2A_RS07135,0.397,0.473,0.095,-0.1,-0.044,0.484*,0.199,,SAM-dependent methyltransferase,SAM (and some other nucleotide) binding motif:TPR repeat,
NATL2A_1296536_1296697,PMN2A_0790,NATL2_15771,PMN2A_RS07145,0.021,0.245,0.188,0.021,0.162,0.399*,0.47*,,hypothetical protein,hypothetical protein,
NATL2A_1297622_1297350,PMN2A_0792,NATL2_15791,PMN2A_RS07155,0.099,-0.22,-0.038,0.202,0.237*,0.062,0.177,psbF,PsbF,Cytochrome b559 beta chain (PsbF),
NATL2A_1297834_1298280,PMN2A_0793,NATL2_15801,PMN2A_RS07160,-0.015,0.19,0.142,0.079,0.172,0.368*,0.29*,,hypothetical protein,FIG00942004: hypothetical protein,
NATL2A_1303566_1302601,PMN2A_0798,NATL2_15861,PMN2A_RS07185,-0.322,-0.185,-0.357,0.187,-0.013,-0.427*,-0.121,,membrane protein,Permease of the drug/metabolite transporter (DMT) superfamily,
NATL2A_1315458_1316345,PMN2A_0812,NATL2_16001,PMN2A_RS07250,0.077,-0.06,-0.38,0.004,0.096,-0.426*,-0.214,,rRNA (cytidine-2'-O-)-methyltransferase,rRNA small subunit methyltransferase I,
NATL2A_1333497_1333372,PMN2A_2146,NATL2_16191,,0.118,-0.364,-0.187,0.147,-0.162,-0.47,-0.608*,,,FIG00944706: hypothetical protein,
NATL2A_1346009_1345875,PMN2A_2148,NATL2_16341,,0.036,-0.072,0.091,0.072,0.201,-0.295,-0.398*,,,hypothetical protein,
NATL2A_1346030_1347082,PMN2A_0840,NATL2_16351,PMN2A_RS07400,-0.077,-0.043,-0.017,-0.014,-0.04,0.165,0.275*,,thiamine phosphate synthase,Thiamin-phosphate pyrophosphorylase (EC 2.5.1.3),
NATL2A_1354466_1353489,PMN2A_0851,NATL2_16461,PMN2A_RS07445,0.105,-0.224,-0.143,-0.064,-0.179,-0.359*,-0.46*,phoH,phosphate starvation protein PhoH,"Phosphate starvation-inducible protein PhoH, predicted ATPase",
NATL2A_1375464_1374112,PMN2A_0869,NATL2_16651,PMN2A_RS07540,-0.042,-0.043,-0.327,0.014,0.063,-0.283*,-0.216,,FAD-binding protein,FAD/FMN-containing dehydrogenase,
NATL2A_1377138_1378529,PMN2A_0871,NATL2_16671,PMN2A_RS07555,0.146,0.163,0.154,-0.029,0.027,0.317*,0.192,,tRNA-2-methylthio-N(6)-dimethylallyladenosine,tRNA-i(6)A37 methylthiotransferase,
NATL2A_1392147_1392440,PMN2A_0886,NATL2_16831,PMN2A_RS07630,-0.135,-0.007,0.3,0.012,0.204,0.407*,0.444*,,high light inducible protein,possible high light inducible protein,
NATL2A_1393638_1393366,PMN2A_0890,NATL2_16871,PMN2A_RS07650,0.295,0.027,0.065,0.054,0.161,0.238,0.55*,,hypothetical protein,possible Beta-lactamase,
NATL2A_1395307_1397367,PMN2A_0893,NATL2_16921,PMN2A_RS07665,-0.025,0.073,0.009,0.101,-0.037,0.212*,0.068,,glycogen debranching enzyme,Glycogen debranching enzyme (EC 3.2.1.-),
NATL2A_1412753_1410582,PMN2A_0909,NATL2_17081,PMN2A_RS07750,0.024,0.072,0.122,0.082,0.145,0.261*,0.215,,"import-associated channel, chloroplast protein",Outer membrane protein/protective antigen OMA87,
NATL2A_1413683_1412940,PMN2A_0910,NATL2_17091,PMN2A_RS07755,-0.003,0.003,0.049,-0.066,0.125,0.224,0.258*,,phosphoribosylaminoimidazolesuccinocarboxamide,Phosphoribosylaminoimidazole-succinocarboxamide synthase (EC 6.3.2.6),
NATL2A_1419229_1418906,PMN2A_0914,NATL2_17131,PMN2A_RS07775,-0.125,-0.211,-0.129,0.106,0.127,-0.288,-0.344*,kaiB,circadian clock protein KaiB,Circadian oscillation regulator KaiB,
NATL2A_1425634_1425245,PMN2A_0923,NATL2_17221,PMN2A_RS07820,-0.257,-0.318,-0.059,0.093,-0.027,-0.43,-0.644*,,hypothetical protein,FIG00941256: hypothetical protein,
NATL2A_1437611_1437805,,NATL2_17401,,0.115,0.184,0.457,0.079,0.019,0.285,0.508*,,,FIG00942811: hypothetical protein,
NATL2A_1438154_1438008,PMN2A_0940,NATL2_17411,PMN2A_RS07910,0.013,-0.232,-0.096,-0.317,-0.803*,-1.004*,-0.9*,,high light inducible protein,FIG00941248: hypothetical protein,Array 8
NATL2A_1438273_1438154,PMN2A_2155,NATL2_17421,PMN2A_RS07915,-0.096,-0.322,-0.036,-0.248,-0.785*,-0.96*,-0.912*,,high light inducible protein,hypothetical protein,Array 8
NATL2A_1438457_1438284,PMN2A_0941,NATL2_17431,PMN2A_RS07920,-0.209,-0.23,-0.185,-0.22,-0.741*,-0.886*,-0.958*,,high light inducible protein,High light inducible protein hli11,Array 8
NATL2A_1439948_1440517,PMN2A_0944,NATL2_17471,PMN2A_RS07935,0.335,0.398,0.438,-0.118,-0.322,0.893*,0.802*,,hemagglutinin,possible Hemagglutinin-neuraminidase,
NATL2A_1440865_1440686,PMN2A_0945,NATL2_17481,PMN2A_RS07940,-0.06,-0.222,0.274,-0.411,-0.731*,-0.027,-0.253,,hypothetical protein,FIG00941696: hypothetical protein,Array 9
NATL2A_1441062_1440862,PMN2A_0946,NATL2_17491,PMN2A_RS07945,-0.017,-0.175,0.268,-0.441,-0.824*,-0.025,-0.238,,high light inducible protein,FIG00940767: hypothetical protein,Array 9
NATL2A_1442790_1442960,PMN2A_2159,NATL2_17531,,-0.05,0.109,-0.011,0.202,0.125,0.21*,0.153,,,hypothetical protein,
NATL2A_1468574_1469896,PMN2A_0975,NATL2_17861,PMN2A_RS08110,-0.119,-0.046,0.013,-0.013,-0.041,0.221*,0.04,,GTP-binding protein,Membrane associated GTPase,
NATL2A_1469893_1470480,PMN2A_0976,NATL2_17871,PMN2A_RS08115,-0.052,0.032,0.262,0.013,0.041,0.288*,0.075,nadD,nicotinate-nicotinamide nucleotide,Nicotinate-nucleotide adenylyltransferase (EC 2.7.7.18) ## bacterial NadD family,
NATL2A_1473306_1472194,PMN2A_0978,NATL2_17891,PMN2A_RS08125,0.04,-0.179,-0.143,0.029,-0.204,-0.523*,-0.224,,hypothetical protein,FIG00940726: hypothetical protein,
NATL2A_1493806_1494525,PMN2A_1002,NATL2_18131,PMN2A_RS08245,-0.016,-0.078,-0.212,-0.048,-0.417*,-0.421*,-0.496*,,dethiobiotin synthase,Dethiobiotin synthetase (EC 6.3.3.3),
NATL2A_1496481_1497227,PMN2A_1005,NATL2_18161,PMN2A_RS08260,-0.121,-0.157,-0.051,0.314,-0.017,-0.249,-0.442*,gidB,ribosomal RNA small subunit methyltransferase G,"rRNA small subunit methyltransferase, glucose inhibited division protein GidB",
NATL2A_1498450_1497224,PMN2A_1006,NATL2_18171,PMN2A_RS08265,-0.216,0.164,-0.387,-0.076,-0.21,-0.467*,-0.608*,,aldo/keto reductase,Aldo/keto reductase family,
NATL2A_1498885_1498466,PMN2A_1007,NATL2_18181,PMN2A_RS08270,-0.158,-0.13,-0.295,0.018,0.057,-0.495*,-0.364,,ferredoxin,Ferredoxin,
NATL2A_1499292_1498900,PMN2A_1008,NATL2_18191,PMN2A_RS08275,-0.112,-0.347,-0.381,0.109,0.056,-0.657*,-0.553*,,hypothetical protein,FIG00941423: hypothetical protein,
NATL2A_1499495_1499292,PMN2A_1009,NATL2_18201,PMN2A_RS08280,-0.223,-0.453,-0.409,0.07,0.057,-0.551*,-0.512,,hypothetical protein,FIG00941684: hypothetical protein,
NATL2A_1520072_1520281,PMN2A_1024,NATL2_18361,PMN2A_RS08355,-0.027,0.083,0.199,0.156,-0.032,0.193,0.292*,,DNA-binding protein,COG2740: Predicted nucleic-acid-binding protein implicated in transcription termination,
NATL2A_1520342_1523893,PMN2A_1025,NATL2_18371,PMN2A_RS08360,-0.032,-0.008,0.046,0.001,-0.006,0.191*,0.174*,infB,translation initiation factor IF-2,Translation initiation factor 2,
NATL2A_1528341_1527724,PMN2A_1031,NATL2_18431,PMN2A_RS08395,0.073,0.437,0.216,-0.066,-0.117,0.378*,0.298,,hypothetical protein,protein family PM-12,
NATL2A_1532145_1532462,PMN2A_1036,NATL2_18481,PMN2A_RS08420,0.021,0.344,0.258,-0.011,-0.075,0.496*,0.375*,,hypothetical protein,predicted protein,
NATL2A_1535062_1535205,PMN2A_2168,NATL2_18511,,0.423,0.513,0.415,-0.233,-0.091,0.629*,0.736*,,,hypothetical protein,
NATL2A_1535332_1535487,,,,-0.193,-0.08,0.355,0.005,-0.489*,-0.15,-0.278,,,FIG00940206: hypothetical protein,
NATL2A_1535640_1536269,PMN2A_1039,NATL2_18521,PMN2A_RS08435,0.04,-0.179,-0.102,-0.244,-0.369,-0.678*,-0.652*,,dioxygenase,Possible Trypsin,
NATL2A_1536527_1536682,PMN2A_1040,,PMN2A_RS08440,-0.257,-0.285,0.053,-0.041,0.269,-0.508*,-0.314,,hypothetical protein,FIG00941935: hypothetical protein,
NATL2A_1546868_1547170,PMN2A_1053,NATL2_18651,PMN2A_RS08500,0.013,-0.112,-0.22,0.018,-0.071,-0.131,-0.264*,ureA,urease subunit gamma,Urease gamma subunit (EC 3.5.1.5),
NATL2A_1547179_1547499,PMN2A_1054,NATL2_18661,PMN2A_RS08505,0.103,-0.147,-0.109,0.03,0.029,-0.179,-0.234*,ureB,urease subunit beta,Urease beta subunit (EC 3.5.1.5),
NATL2A_1553405_1552998,PMN2A_1062,NATL2_18781,PMN2A_RS08545,-0.161,0.087,0.145,-0.212,0.197,0.254,0.412*,,AbrB family transcriptional regulator,FIG00943355: hypothetical protein,
NATL2A_1558218_1560140,PMN2A_1067,NATL2_18841,PMN2A_RS08570,0.01,0.072,0.052,-0.065,-0.267*,0.001,-0.164,rne,ribonuclease E,Cytoplasmic axial filament protein CafA and Ribonuclease G (EC 3.1.4.-) @ Ribonuclease E (EC 3.1.26.12),
NATL2A_1563078_1562146,PMN2A_1071,NATL2_18881,PMN2A_RS08590,-0.113,0.007,-0.22,0.034,0.058,-0.288,-0.382*,,delta(24)-sterol C-methyltransferase,"2-methyl-6-phytyl-1,4-benzoquinone methyltransferase / 2-methyl-6-solanyl-1,4-benzoquinone methyltransferase",
NATL2A_1582516_1582013,PMN2A_1084,NATL2_19011,PMN2A_RS08655,0.132,0.19,0.27,0.059,0.16,0.364*,0.313,psaL,phosphorylase,photosystem I subunit XI (PsaL),
NATL2A_1582694_1582578,PMN2A_1085,NATL2_19021,PMN2A_RS08660,-0.003,0.224,0.237,0.103,0.165,0.38*,0.271,psaI,photosystem I reaction center subunit VIII,photosystem I subunit VIII (PsaI),
NATL2A_1585064_1585930,PMN2A_1089,NATL2_19061,PMN2A_RS08680,-0.11,-0.328,-0.221,0.045,-0.095,-0.554*,-0.303,,hypothetical protein,beta-lactamase superfamily protein,
NATL2A_1586057_1585923,PMN2A_2175,NATL2_19071,,-0.082,-0.073,-0.296,0.144,0.259,-0.342,-0.428*,,,hypothetical protein,
NATL2A_1591472_1591591,,,,-0.137,0.39,0.117,-0.261,-0.214,0.911*,0.83*,,,hypothetical protein,
NATL2A_1595886_1593829,PMN2A_1094,NATL2_19141,,0.019,-0.146,-0.098,-0.281,-0.354*,-0.232,-0.249,,,Translation elongation factor P,
NATL2A_1596334_1595984,PMN2A_1095,NATL2_19151,PMN2A_RS08715,-0.276,0.028,-0.184,-0.41,-1.109*,-1.343*,-1.163*,,hypothetical protein,hypothetical protein,
NATL2A_1598109_1597621,PMN2A_1097,NATL2_19191,PMN2A_RS08735,-0.175,-0.27,-0.172,-0.084,-0.091,-0.434,-0.663*,,hypothetical protein,FIG00942755: hypothetical protein,
NATL2A_1617388_1617852,PMN2A_1130,NATL2_19511,PMN2A_RS08900,-0.079,-0.188,-0.082,0.089,0.019,-0.262,-0.336*,,NAD(P)H-quinone oxidoreductase subunit N,Putative subunit of NAD(P)H:quinone oxidoreductase,
NATL2A_1617865_1618887,PMN2A_1131,NATL2_19521,PMN2A_RS08905,-0.06,0.126,0.146,0.075,-0.043,-0.29*,-0.203,,hypothetical protein,Light dependent period modulator LdpA,
NATL2A_1625384_1623867,PMN2A_1137,NATL2_19581,PMN2A_RS08940,0.059,-0.26,-0.004,-0.11,-0.024,-0.461*,-0.486*,,phytoene dehydrogenase,Neurosporene desaturase (EC 1.-.-.-),
NATL2A_1639085_1638660,PMN2A_1150,NATL2_19711,PMN2A_RS09010,0.201,0.249,0.211,-0.067,0.046,0.413*,0.422*,psaD,photosystem I protein PsaD,photosystem I subunit II (PsaD),
NATL2A_1640573_1639188,PMN2A_1151,NATL2_19721,PMN2A_RS09015,-0.016,-0.126,0.154,-0.28,-0.788*,-0.16,-0.303*,,histidine kinase,Signal transduction histidine kinase,
NATL2A_1648766_1649197,PMN2A_1160,NATL2_19821,PMN2A_RS09065,0.241,0.359,0.11,-0.092,0.134,0.273,0.453*,,hypothetical protein,FIG00940873: hypothetical protein,
NATL2A_1661944_1661087,PMN2A_1173,NATL2_19951,PMN2A_RS09130,0.134,-0.037,0.026,-0.225,-0.132,-0.318*,-0.159,,galactose mutarotase,Galactose mutarotase and related enzymes,
NATL2A_1684958_1683417,PMN2A_1195,NATL2_20171,PMN2A_RS09245,-0.02,-0.013,-0.298,0.05,0.073,-0.345*,-0.241,lysS,lysine--tRNA ligase,Lysyl-tRNA synthetase (class II) (EC 6.1.1.6),
NATL2A_1692323_1691307,PMN2A_1204,NATL2_20261,PMN2A_RS09290,0.261,-0.104,-0.033,0.06,0.08,-0.053,-0.372*,,ribokinase,Fructokinase (EC 2.7.1.4),
NATL2A_1695583_1694576,PMN2A_1207,NATL2_20291,PMN2A_RS09305,0.066,-0.027,-0.05,-0.065,-0.188,-0.198*,-0.222*,,RNA polymerase sigma factor,"Cyanobacteria-specific RpoD-like sigma factor, type-6",
NATL2A_1700830_1701729,PMN2A_1214,NATL2_20361,PMN2A_RS09340,-0.215,0.02,0.008,0.035,-0.042,0.294*,0.207,miaA,tRNA dimethylallyltransferase,tRNA delta(2)-isopentenylpyrophosphate transferase (EC 2.5.1.8),
NATL2A_1702489_1703478,PMN2A_1216,NATL2_20381,PMN2A_RS09350,-0.236,-0.167,-0.13,0.036,0.009,-0.293*,-0.177,,GntR family transcriptional regulator,"Transcriptional regulator, GntR family",
NATL2A_1709239_1706411,PMN2A_1220,NATL2_20421,PMN2A_RS09370,0.143,0.1,0.043,0.049,0.047,0.186*,0.136,secA,protein translocase subunit SecA,Protein export cytoplasm protein SecA ATPase RNA helicase (TC 3.A.5.1.1),
NATL2A_1709438_1710505,PMN2A_1221,NATL2_20431,PMN2A_RS09375,-0.026,-0.008,0.038,-0.047,0.037,0.075,0.256*,,"GDP-mannose 4,6-dehydratase","GDP-mannose 4,6-dehydratase (EC 4.2.1.47)",
NATL2A_1711832_1712014,PMN2A_2181,NATL2_20451,PMN2A_RS09385,-0.042,0.25,0.026,-0.163,0.091,0.296*,0.31*,,hypothetical protein,FIG00940562: hypothetical protein,
NATL2A_1712837_1715779,PMN2A_1224,NATL2_20471,PMN2A_RS09395,0.088,0.04,0.074,-0.04,0.076,0.163*,0.151,,peptidase C39,Toxin secretion ABC transporter ATP-binding protein,
NATL2A_1758445_1757588,PMN2A_1252,NATL2_20771,PMN2A_RS09545,-0.099,-0.068,-0.261,0.097,-0.192,-0.404*,-0.315,,aspartate-semialdehyde dehydrogenase,Aspartate-semialdehyde dehydrogenase (EC 1.2.1.11),
NATL2A_1765546_1764230,PMN2A_1257,NATL2_20831,PMN2A_RS09570,0.038,0.045,-0.027,-0.054,0.247*,0.04,0.06,,glycosyl transferase family 2,Glycosyltransferase,
NATL2A_1767145_1765592,PMN2A_1258,NATL2_20841,PMN2A_RS09575,-0.256,-0.013,-0.304,-0.087,-0.084,-0.215,-0.379*,,amidase,possible amidase enhancer,
NATL2A_1777098_1775833,PMN2A_1269,NATL2_20951,PMN2A_RS09630,-0.116,-0.398,-0.049,0.17,0.145,-0.329*,-0.116,,hypothetical protein,Aluminum resistance protein,
NATL2A_1779435_1780853,PMN2A_1273,NATL2_20991,PMN2A_RS09650,-0.012,-0.281,-0.309,0.059,0.075,-0.394*,-0.294,dnaB,helicase DnaB,Replicative DNA helicase (EC 3.6.1.-),
NATL2A_1800027_1800668,PMN2A_1292,NATL2_21191,PMN2A_RS09750,0.05,0.026,0.09,-0.145,-0.347*,-0.009,-0.037,,7-carboxy-7-deazaguanine synthase,Queuosine Biosynthesis QueE Radical SAM,
NATL2A_1814366_1815388,PMN2A_1305,NATL2_21331,PMN2A_RS09820,0.076,0.168,0.241,-0.008,0.06,0.42*,0.393*,,RNA polymerase sigma factor RpoD,"Cyanobacteria-specific RpoD-like sigma factor, type-13",
NATL2A_1815392_1816045,PMN2A_1306,NATL2_21341,PMN2A_RS09825,0.088,0.108,0.244,-0.06,0.105,0.328*,0.268,,dolichol kinase,phytol kinase,
NATL2A_1817284_1819884,PMN2A_1308,NATL2_21361,PMN2A_RS09835,-0.009,-0.031,0.046,0.028,0.057,0.043,0.2*,,aconitate hydratase B,Aconitate hydratase 2 (EC 4.2.1.3),
NATL2A_1826584_1827519,PMN2A_1314,NATL2_21431,PMN2A_RS09865,-0.062,-0.088,-0.14,0.004,0.066,-0.396*,-0.375*,aroE,shikimate dehydrogenase,Shikimate 5-dehydrogenase I alpha (EC 1.1.1.25),
