Cyanobase category1,Locus tag2,Alternative locus tag,Probeset,Gene description,0.036%_CO2_21%_O2 FC,0.036%_CO2_0%_O2 FC,0.036%_CO2_0%_O2 cluster,0.004%_CO2_21%_O2 FC,0.004%_CO2_21%_O2 cluster,0.004%_CO2_0%_O2 FC,0.004%_CO2_0%_O2 cluster,locus_tag
A (A1),PMM0281,PMED4_02861,MED4_ARR_0279_x_at,Imidazoleglycerol-phosphate dehydratase,,,,-0.4,2.0,,,PMM0281
A (A1),PMM0762,PMED4_08471,MED4_ARR_0758_x_at,Tyrosine binding protein,,,,-0.5,3.0,-0.6,3.0,PMM0762
A (A1),PMM1297,PMED4_14631,MED4_ARR_1288_x_at,Indole-3-glycerol phosphate synthase,,,,-0.9,4.0,-0.7,2.0,PMM1297
A (A2),PMM0311,PMED4_03171,MED4_ARR_0309_x_at,S-adenosylmethionine synthetase,0.8,,,-1.1,2.0,-1.0,4.0,PMM0311
A (A2),PMM0409,PMED4_04521,MED4_ARR_0407_x_at,Putative Cystathionine gamma-synthase,,,,-0.9,4.0,-0.8,4.0,PMM0409
A (A2),PMM0595,PMED4_06441,MED4_ARR_0592_x_at,Homoserine kinase:GHMP kinases putative ATP-binding domain,,,,-1.6,3.0,,,PMM0595
A (A2),PMM0643,PMED4_06931,MED4_ARR_0640_x_at,Putative homoserine O-succinyltransferase,,,,-1.5,3.0,-1.2,4.0,PMM0643
A (A2),PMM0832,PMED4_09261,MED4_ARR_0827_x_at,Dihydrodipicolinate reductase,1.2,,,-0.8,2.0,-1.2,2.0,PMM0832
A (A3),PMM0256,PMED4_02611,MED4_ARR_0254_x_at,3-isopropylmalate dehydratase large subunit,0.9,,,-0.7,2.0,-0.9,2.0,PMM0256
A (A3),PMM0786,PMED4_08721,MED4_ARR_0782_x_at,3-isopropylmalate dehydrogenase,,,,,,-0.7,2.0,PMM0786
A (A3),PMM1315,PMED4_14821,MED4_ARR_1306_x_at,Ketol-acid reductoisomerase,,,,-0.4,2.0,,,PMM1315
A (A4),PMM0920,PMED4_10311,MED4_ARR_0915_x_at,"Glutamine synthetase, glutamate-ammonia ligase",0.7,,,-1.1,3.0,-0.6,3.0,PMM0920
A (A5),PMM0227,PMED4_02321,MED4_ARR_0225_x_at,ATP-sulfurylase,,,,-0.8,2.0,-1.4,4.0,PMM0227
A (A5),PMM0407,PMED4_04501,MED4_ARR_0405_x_at,O-acetylserine (thiol)-lyase A,,,,1.6,1.0,,,PMM0407
A (A5),PMM0642,PMED4_06921,MED4_ARR_0639_x_at,putative O-Acetyl homoserine sulfhydrylase,1.0,,,-1.2,4.0,-1.7,4.0,PMM0642
A (A5),PMM1638,PMED4_18481,MED4_ARR_1626_x_at,Serine acetyltransferase,0.7,,,,,,,PMM1638
A [U (U8)],PMM0373*,PMED4_04061,MED4_ARR_0371_x_at,Cyanate lyase,,,,-1.0,3.0,-1.1,4.0,PMM0373
A [K (-)],PMM1263*,PMED4_14291,MED4_ARR_1256_x_at,Ornithine carbamoyltransferase,,,,,,-0.9,4.0,PMM1263
B (B2),PMM0115,PMED4_01211,MED4_ARR_0114_x_at,Zeta-carotene desaturase,,,,0.9,1.0,,,PMM0115
B (B2),PMM0144,PMED4_01501,MED4_ARR_0143_x_at,Phytoene desaturase,1.1,,,,,,,PMM0144
B (B2),PMM0618,PMED4_06671,MED4_ARR_0615_x_at,Polyprenyl synthetase; solanesyl diphosphate synthase (sds),1.0,,,1.3,1.0,,,PMM0618
B (B2),PMM0633,PMED4_06831,MED4_ARR_0630_x_at,Putative lycopene epsilon cyclase,,,,-0.7,4.0,-1.1,4.0,PMM0633
B (B2),PMM1070,PMED4_12161,MED4_ARR_1065_x_at,Polyprenyl synthetase,,,,-0.6,2.0,-0.9,4.0,PMM1070
B (B2),PMM1115,PMED4_12611,MED4_ARR_1110_x_at,Putative carotenoid isomerase,0.9,,,,,-1.0,4.0,PMM1115
B (B3),PMM0288,PMED4_02931,MED4_ARR_0286_x_at,"Protoporphyrin IX magnesium chelatase, ChlD subunit",,,,-0.6,4.0,-0.8,4.0,PMM0288
B (B3),PMM0318,PMED4_03241,MED4_ARR_0316_x_at,Putative protein methyltransferase,,,,-0.4,2.0,,,PMM0318
B (B3),PMM0428,PMED4_04751,MED4_ARR_0426_x_at,Chlorophyll synthase 33 kD subunit,,,,-0.6,2.0,,,PMM0428
B (B3),PMM0448,PMED4_04951,MED4_ARR_0446_x_at,Putative protoheme IX farnesyltransferase,,,,1.2,3.0,,,PMM0448
B (B3),PMM0483,PMED4_05321,MED4_ARR_0481_x_at,"Glutamate-1-semialdehyde 2,1-aminomutase",0.8,,,-1.0,2.0,,,PMM0483
B (B3),PMM0543,PMED4_05921,MED4_ARR_0540_x_at,Protochlorophyllide reductase iron-sulfur ATP-binding protein,,,,-1.7,3.0,,,PMM0543
B (B3),PMM0544,PMED4_05931,MED4_ARR_0541_x_at,Light-independent protochlorophyllide reductase subunit B,,,,-2.5,3.0,-2.7,4.0,PMM0544
B (B3),PMM0545,PMED4_05941,MED4_ARR_0542_x_at,Light-independent protochlorophyllide reductase subunit N,,,,-2.5,3.0,-2.5,4.0,PMM0545
B (B3),PMM0583,PMED4_06321,MED4_ARR_0580_x_at,Uroporphyrinogen decarboxylase (URO-D),,,,-0.9,4.0,-1.5,4.0,PMM0583
B (B3),PMM0760,PMED4_08451,MED4_ARR_0756_x_at,Aromatic-ring hydroxylase (flavoprotein monooxygenase),,,,-0.5,4.0,-1.1,4.0,PMM0760
B (B3),PMM0765,PMED4_08501,MED4_ARR_0761_x_at,Possible heme transporter,0.7,,,,,,,PMM0765
B (B3),PMM0768,PMED4_08531,MED4_ARR_0764_x_at,Glutamyl-tRNA reductase,,,,-1.1,4.0,-1.3,4.0,PMM0768
B (B3),PMM0831,PMED4_09251,MED4_ARR_0826_x_at,"Protoporphyrin IX magnesium chelatase, ChlH subunit",,,,-1.4,4.0,-1.6,4.0,PMM0831
B (B3),PMM1055,PMED4_12011,MED4_ARR_1050_x_at,"Protoporphyrin IX magnesium chelatase, ChlI subunit",,,,,,-1.0,2.0,PMM1055
B (B3),PMM1316,PMED4_14831,MED4_ARR_1307_x_at,Putative cobalamin biosynthetic protein,,,,-1.2,4.0,,,PMM1316
B (B10),PMM1107,PMED4_12531,MED4_ARR_1102_x_at,Pyridoxal phosphate biosynthetic protein PdxJ,0.8,,,,,,,PMM1107
B (B10),PMM1258,PMED4_14241,MED4_ARR_1251_x_at,Pyridoxal-phosphate-dependent aminotransferase,,,,-0.5,4.0,-0.7,2.0,PMM1258
B (B13),PMM0024,PMED4_00231,MED4_ARR_0024_x_at,Putative thiamine-monophosphate kinase,0.6,,,-1.0,2.0,,,PMM0024
B (B14),PMM0110,PMED4_01161,MED4_ARR_0109_x_at,Putative glutathione S-transferase,0.7,,,,,,,PMM0110
B [U (U8)],PMM0106*,PMED4_01121,MED4_ARR_0105_x_at,6-pyruvoyl tetrahydropterin synthase,,,,,,0.8,1.0,PMM0106
B [U (U8)],PMM0170*,PMED4_01761,MED4_ARR_0169_x_at,NifS-like aminotransferase class-V,,,,1.4,1.0,0.6,1.0,PMM0170
B [U (U8)],PMM1514*,PMED4_17241,MED4_ARR_1504_x_at,Lipoic acid synthetase,,,,0.7,1.0,1.0,1.0,PMM1514
C (C2),PMM0709,PMED4_07831,MED4_ARR_0705_x_at,Possible porin,,,,1.0,3.0,,,PMM0709
C (C2),PMM1121,PMED4_12671,MED4_ARR_1115_x_at,Possible porin,0.7,,,,,,,PMM1121
C (C14),PMM0021,PMED4_00201,MED4_ARR_0021_x_at,UDP-N-acetylenolpyruvoylglucosamine reductase,,,,-0.6,2.0,,,PMM0021
C (C14),PMM0264,PMED4_02691,MED4_ARR_0262_x_at,LytB protein homolog,,,,-1.2,2.0,,,PMM0264
C (C14),PMM0617,PMED4_06661,MED4_ARR_0614_x_at,Putative glutamate racemase,0.6,,,,,,,PMM0617
C (C14),PMM1622,PMED4_18321,MED4_ARR_1610_x_at,Rod shape determining protein,1.0,,,,,,,PMM1622
C (C15),PMM1204,PMED4_13691,MED4_ARR_1197_x_at,Glucose-1-phosphate cytidylyltransferase,,,,-0.8,2.0,,,PMM1204
C (C15),PMM1217,PMED4_13821,MED4_ARR_1210_x_at,Putative phosphoheptose isomerase,0.7,,,,,,,PMM1217
D (D1),PMM0321,PMED4_03281,MED4_ARR_0319_x_at,Putative septum site-determining protein MinD,1.0,,,,,,,PMM0321
D (D1),PMM1116,PMED4_12621,MED4_ARR_1111_x_at,NAD binding site:Glucose inhibited division protein A family,,,,-0.7,3.0,-1.0,4.0,PMM1116
D (D3),PMM0452,PMED4_04991,MED4_ARR_0450_x_at,GroEL2 protein (Chaperonin cpn60 2),,,,-2.0,2.0,-1.8,2.0,PMM0452
D (D3),PMM0698,PMED4_07681,MED4_ARR_0694_at,Possible DnaJ central domain (4 repeats),,,,1.2,1.0,,,PMM0698
D (D3),PMM0897,PMED4_10081,MED4_ARR_0892_x_at,"Molecular chaperone DnaK, heat shock protein hsp70",,,,,,-0.5,2.0,PMM0897
D (D3),PMM1436,PMED4_16451,MED4_ARR_1426_x_at,GroEL protein (Chaperonin cpn60),,,,-1.9,2.0,-2.2,2.0,PMM1436
D (D3),PMM1704,PMED4_19151,MED4_ARR_1691_x_at,"Molecular chaperone DnaK2, heat shock protein hsp70-2",,,,-2.0,2.0,-2.1,2.0,PMM1704
D (D5),PMM0324,PMED4_03311,MED4_ARR_0322_x_at,Carboxyl-terminal processing proteinase precursor,,,,-1.1,2.0,,,PMM0324
D (D6),PMM0420,PMED4_04641,MED4_ARR_0418_x_at,GTP-binding protein LepA,0.7,,,,,,,PMM0420
D (D6),PMM0929,PMED4_10401,MED4_ARR_0924_x_at,Preprotein translocase subunit,,,,-1.0,4.0,,,PMM0929
D (D6),PMM1540,PMED4_17501,MED4_ARR_1530_x_at,Preprotein translocase SecY subunit,,,,-1.6,2.0,-2.2,4.0,PMM1540
E (E4),PMM0963,PMED4_10751,MED4_ARR_0958_x_at,Urease alpha subunit,,,,-1.1,2.0,-0.8,4.0,PMM0963
E (E4),PMM0969,PMED4_10811,MED4_ARR_0964_x_at,Urease accessory protein UreG,0.9,,,,,,,PMM0969
E (E5),PMM0584,PMED4_06331,MED4_ARR_0581_x_at,"1,4-alpha-glucan branching enzyme",,,,-0.9,4.0,-1.5,4.0,PMM0584
E (E5),PMM0609,PMED4_06581,MED4_ARR_0606_x_at,Putative ADPglucose-glucosyltransferase (GlgA),,,,-2.0,2.0,-1.6,4.0,PMM0609
E [U (U8)],PMM0769*,PMED4_08541,MED4_ARR_0765_x_at,ADP-glucose pyrophosphorylase,,,,-0.8,2.0,,,PMM0769
F (F2),PMM1668,PMED4_18781,MED4_ARR_1656_x_at,Glycine cleavage system P-protein,,,,,,-1.0,4.0,PMM1668
F (F6),PMM1434,PMED4_16431,MED4_ARR_1424_x_at,"Phosphoglycerate mutase, co-factor-independent (iPGM)",0.5,,,,,,,PMM1434
F (F8),PMM0619,PMED4_06681,MED4_ARR_0616_x_at,Acetyl-coenzyme A synthetase,,,,-0.6,2.0,-0.8,2.0,PMM0619
F (F10),PMM0907,PMED4_10181,MED4_ARR_0902_x_at,1-deoxy-D-xylulose 5-phosphate synthase,,,,-1.2,3.0,-1.3,3.0,PMM0907
F (F11),PMM0161,PMED4_01671,MED4_ARR_0160_x_at,Citrate synthase,,,,,,-0.5,2.0,PMM0161
F (F12),PMM1145,PMED4_13031,MED4_ARR_1139_x_at,"Putative nicotinamide nucleotide transhydrogenase, subunit beta",,,,-1.2,3.0,-1.7,4.0,PMM1145
F [B (B8)],PMM1146*,PMED4_13041,MED4_ARR_1140_x_at,"Putative nicotinamide nucleotide transhydrogenase, subunit alpha 2 (A2)",,,,,,-1.8,3.0,PMM1146
F [K (-)],PMM1147*,PMED4_13051,MED4_ARR_1141_x_at,"Putative nicotinamide nucleotide transhydrogenase, subunit alpha 1 (A1)",1.7,,,-1.5,3.0,-2.0,4.0,PMM1147
F [U (U8)],PMM0195*,PMED4_02011,MED4_ARR_0194_x_at,Phosphoglycerate kinase,1.8,,,-1.4,3.0,-2.3,3.0,PMM0195
F [U (U8)],PMM0208*,PMED4_02141,MED4_ARR_0207_x_at,Enolase,,,,,,-1.1,2.0,PMM0208
F [U (U8)],PMM0713*,PMED4_07871,MED4_ARR_0709_x_at,Putative glyceraldehyde 3-phosphate dehydrogenase,,,,,,0.6,1.0,PMM0713
F [U (U8)],PMM0766*,PMED4_08511,MED4_ARR_0762_x_at,Ribulose-phosphate 3-epimerase,1.0,,,-1.2,2.0,-2.3,4.0,PMM0766
F [C (C15)],PMM0767*,PMED4_08521,MED4_ARR_0763_x_at,"Fructose-1,6-bisphosphatase/sedoheptulose-1,7-bisphosphatase",,,,-1.4,2.0,-1.2,4.0,PMM0767
F [G (-)],PMM0781*,PMED4_08671,MED4_ARR_0777_x_at,"Fructose-bisphosphate/sedoheptulose-1,7-bisphosphate aldolase",,,,-1.7,2.0,-1.8,2.0,PMM0781
F [P (-)],PMM1235*,PMED4_14001,MED4_ARR_1228_x_at,Possible N-terminal fragment of transketolase,,,,-0.7,2.0,-0.8,4.0,PMM1235
F [U (U8)],PMM1489*,PMED4_16991,MED4_ARR_1479_x_at,Ribose 5-phosphate isomerase,0.7,,,,,-1.4,2.0,PMM1489
F [U (U8)],PMM1610*,PMED4_18201,MED4_ARR_1599_x_at,Transketolase,,,,-1.9,4.0,-1.6,4.0,PMM1610
F [U (U8)],PMM1700*,PMED4_19111,MED4_ARR_1687_x_at,Aconitate hydratase B,,,,-0.9,4.0,,,PMM1700
G (-),PMM0060,PMED4_00621,MED4_ARR_0060_x_at,"Acetyl-CoA carboxylase, biotin carboxylase subunit",,,,-0.7,2.0,,,PMM0060
G (-),PMM0135,PMED4_01411,MED4_ARR_0134_x_at,Fatty acid/phospholipid synthesis protein PlsX,,,,-0.8,2.0,-0.6,2.0,PMM0135
G (-),PMM0137,PMED4_01431,MED4_ARR_0136_x_at,Malonyl coenzyme A-acyl carrier protein transacylase,0.8,,,-0.7,3.0,-1.3,2.0,PMM0137
G (-),PMM0215,PMED4_02211,MED4_ARR_0214_x_at,Delta-aminolevulinic acid dehydratase,,,,-0.7,4.0,-0.7,2.0,PMM0215
G (-),PMM0282,PMED4_02871,MED4_ARR_0280_x_at,Enoyl-[acyl carrier protein] reductase,0.9,,,-1.2,2.0,,,PMM0282
G (-),PMM0784,PMED4_08701,MED4_ARR_0780_x_at,"Acetyl-CoA carboxylase, beta subunit",0.8,,,-0.9,2.0,,,PMM0784
G (-),PMM1336,PMED4_15041,MED4_ARR_1327_x_at,Putative (3R)-hydroxymyristoyl-[acyl carrier protein] dehydratase,,,,-1.0,4.0,,,PMM1336
G (-),PMM1608,PMED4_18181,MED4_ARR_1597_x_at,Acyl carrier protein (ACP),,,,-2.4,2.0,-2.4,4.0,PMM1608
G (-),PMM1609,PMED4_18191,MED4_ARR_1598_x_at,3-oxoacyl-[acyl carrier protein] synthase II,,,,-2.0,2.0,-2.4,2.0,PMM1609
G (-),PMM1665,PMED4_18751,MED4_ARR_1653_x_at,Sulfolipid (UDP-sulfoquinovose) biosynthesis protein,,,,-0.7,2.0,,,PMM1665
G (-),PMM1666,PMED4_18761,MED4_ARR_1654_x_at,SqdX,,,,-0.8,4.0,-1.1,4.0,PMM1666
G (-),PMM1672,PMED4_18821,MED4_ARR_1660_x_at,"Fatty acid desaturase, type 1",-1.2,,,,,,,PMM1672
H (H1),PMM1438,PMED4_16471,MED4_ARR_1428_x_at,"ATP synthase, beta subunit",,,,-1.8,2.0,-2.8,2.0,PMM1438
H (H1),PMM1439,PMED4_16481,MED4_ARR_1429_x_at,"ATP synthase, epsilon subunit",,,,-1.8,2.0,-1.8,4.0,PMM1439
H (H1),PMM1450,PMED4_16591,MED4_ARR_1440_x_at,"ATP synthase, gamma subunit",,,,-2.7,2.0,-2.5,4.0,PMM1450
H (H1),PMM1451,PMED4_16601,MED4_ARR_1441_x_at,"ATP synthase, alpha subunit",,,,-3.8,4.0,-3.7,4.0,PMM1451
H (H1),PMM1452,PMED4_16611,MED4_ARR_1442_x_at,"ATP synthase, delta (OSCP) subunit",,,,-1.3,2.0,-1.4,2.0,PMM1452
H (H1),PMM1453,PMED4_16621,MED4_ARR_1443_x_at,ATP synthase B/B' CF(0),,,,-0.5,4.0,-1.0,3.0,PMM1453
H (H1),PMM1454,PMED4_16631,MED4_ARR_1444_x_at,ATP synthase B/B' CF(0),,,,-1.4,2.0,-1.7,2.0,PMM1454
H [C (C2)],PMM1455*,PMED4_16641,MED4_ARR_1445_x_at,ATP synthase C subunit,,,,-2.6,4.0,-3.1,4.0,PMM1455
H (H1),PMM1456,PMED4_16651,MED4_ARR_1446_x_at,ATP synthase A subunit,1.2,,,-2.3,4.0,-2.8,4.0,PMM1456
H (H2),PMM0023,PMED4_00221,MED4_ARR_0023_x_at,Glyceraldehyde 3-phosphate dehydrogenase (NADP+) (phosphorylating),1.1,,,-1.2,2.0,-1.0,2.0,PMM0023
H (H2),PMM0549,PMED4_05981,MED4_ARR_0546_x_at,Carboxysome shell protein CsoS1,1.1,,,-1.4,3.0,-1.4,2.0,PMM0549
H (H2),PMM0550,PMED4_05991,MED4_ARR_0547_x_at,"Ribulose bisphosphate carboxylase, large chain",,,,-1.1,3.0,-2.1,2.0,PMM0550
H (H2),PMM0551,PMED4_06001,MED4_ARR_0548_x_at,"Ribulose bisphosphate carboxylase, small chain",,,,,,-2.7,2.0,PMM0551
H (H2),PMM0552,PMED4_06011,MED4_ARR_0549_x_at,Carboxysome shell protein CsoS2,0.9,,,-1.5,2.0,-2.2,2.0,PMM0552
H (H2),PMM0553,PMED4_06021,MED4_ARR_0550_x_at,Carboxysome shell protein CsoS3,,,,-0.4,2.0,-0.6,2.0,PMM0553
H (H2),PMM0555,PMED4_06041,MED4_ARR_0552_x_at,Putative carboxysome peptide B,,,,-1.0,4.0,,,PMM0555
H (H2),PMM0785,PMED4_08711,MED4_ARR_0781_x_at,Phosphoribulokinase,,,,-0.8,2.0,-0.9,2.0,PMM0785
H (H3),PMM0325,PMED4_03321,MED4_ARR_0323_x_at,Cytochrome b6,0.6,,,-1.5,3.0,,,PMM0325
H (H3),PMM0461,PMED4_05091,MED4_ARR_0459_x_at,Cytochrome f,0.8,,,-2.3,3.0,-1.6,4.0,PMM0461
H (H3),PMM0462,PMED4_05101,MED4_ARR_0460_x_at,Rieske iron-sulfur protein,0.6,,,-1.2,3.0,,,PMM0462
H (H3),PMM1058,PMED4_12041,MED4_ARR_1053_at,"Cytochrome b6/f complex, subunit V",,,,,,-1.7,3.0,PMM1058
H (H4),PMM0292,PMED4_02971,MED4_ARR_0290_x_at,Putative respiratory-chain NADH dehydrogenase subunit,,,,,,-0.7,2.0,PMM0292
H (H4),PMM0594,PMED4_06431,MED4_ARR_0591_x_at,Putative NADH Dehydrogenase (complex I) subunit (chain 4),1.0,,,,,,,PMM0594
H (H5),PMM0468,PMED4_05161,MED4_ARR_0466_at,Photosystem I PsaJ protein (subunit IX),,,,-2.4,3.0,-2.1,4.0,PMM0468
H (H5),PMM0469,PMED4_05171,MED4_ARR_0467_x_at,Photosystem I PsaF protein (subunit III),,,,-1.9,3.0,-2.5,4.0,PMM0469
H (H5),PMM0906,PMED4_10171,MED4_ARR_0901_x_at,Photosystem I PsaK protein (subunit X),,,,-1.6,3.0,-1.3,3.0,PMM0906
H (H5),PMM1519,PMED4_17291,MED4_ARR_1509_x_at,Photosystem I PsaL protein (subunit XI),,,,-3.0,4.0,-2.5,4.0,PMM1519
H (H5),PMM1520,PMED4_17301,MED4_ARR_1510_x_at,photosystem I PsaI protein (subunit VIII),,,,-2.4,4.0,-3.0,4.0,PMM1520
H (H5),PMM1523,PMED4_17331,MED4_ARR_1513_x_at,Photosystem I PsaB protein,,,,-3.9,3.0,-2.8,3.0,PMM1523
H (H5),PMM1524,PMED4_17341,MED4_ARR_1514_x_at,Photosystem I PsaA protein,,,,-2.8,3.0,-1.7,3.0,PMM1524
H (H5),PMM1578,PMED4_17881,MED4_ARR_1568_at,Photosystem I PsaD protein,,,,-2.0,3.0,,,PMM1578
H (H5),PMM1607,PMED4_18171,MED4_ARR_1596_x_at,Photosystem I PsaC protein,,,,-1.1,3.0,,,PMM1607
H (H6),PMM0223,PMED4_02281,MED4_ARR_0221_x_at,Photosystem II PsbA protein (D1),,,,0.9,3.0,,,PMM0223
H (H6),PMM0228,PMED4_02331,MED4_ARR_0226_x_at,Photosystem II PsbO protein (manganese-stabilizing protein),0.9,,,-0.7,4.0,-1.5,4.0,PMM0228
H (H6),PMM0251,PMED4_02561,MED4_ARR_0249_x_at,Photosystem II PsbH protein,,,,,,-2.0,4.0,PMM0251
H (H6),PMM0252,PMED4_02571,MED4_ARR_0250_at,Photosystem II PsbN protein (reaction centre N protein),1.6,,,,,,,PMM0252
H (H6),PMM0272,PMED4_02771,MED4_ARR_0270_at,Photosystem II PsbK protein,,,,-0.5,3.0,,,PMM0272
H (H6),PMM0298,PMED4_03031,MED4_ARR_0296_at,"Cytochrome b559, beta subunit",,,,-1.1,3.0,,,PMM0298
H (H6),PMM0299,PMED4_03041,MED4_ARR_0297_at,Photosystem II PsbL protein,,,,,,-1.3,4.0,PMM0299
H (H6),PMM0300,PMED4_03051,MED4_ARR_0298_at,Photosytem II PsbJ protein,,,,-1.6,3.0,-2.1,3.0,PMM0300
H (H6),PMM0314,PMED4_03201,MED4_ARR_0312_at,Photosystem II PsbT protein,,,,-3.7,3.0,-3.5,3.0,PMM0314
H (H6),PMM0315,PMED4_03211,MED4_ARR_0313_x_at,Photosystem II PsbB protein (CP47),,,,-2.6,3.0,-2.2,3.0,PMM0315
H (H6),PMM0317,PMED4_03231,MED4_ARR_0315_at,Possible Photosystem II PsbM protein (reaction center M protein),,,,,,-2.0,4.0,PMM0317
H (H6),PMM0627,PMED4_06771,MED4_ARR_0624_x_at,Light-harvesting complex protein,,,,-4.5,3.0,-3.0,3.0,PMM0627
H (H6),PMM1157,PMED4_13171,MED4_ARR_1151_x_at,Photosystem II PsbD protein (D2),,,,-0.8,3.0,,,PMM1157
H (H6),PMM1158,PMED4_13181,MED4_ARR_1152_x_at,Photosystem II PsbC protein (CP43),,,,-1.2,3.0,,,PMM1158
H (H8),PMM0316,PMED4_03221,MED4_ARR_0314_x_at,Possible ferredoxin,1.0,,,,,,,PMM0316
H (H8),PMM1171,PMED4_13361,MED4_ARR_1165_x_at,Flavodoxin,,,,-0.9,3.0,-0.8,4.0,PMM1171
H (H8),PMM1352,PMED4_15201,MED4_ARR_1343_x_at,Ferredoxin,,,,-0.9,3.0,,,PMM1352
H (H8),PMM1449,PMED4_16581,MED4_ARR_1439_x_at,Ferredoxin,1.0,,,-2.1,2.0,-1.7,2.0,PMM1449
H (H9),PMM0444,PMED4_04911,MED4_ARR_0442_x_at,"Cytochrome c oxidase, subunit III",,,,,,-1.0,3.0,PMM0444
H (H9),PMM0445,PMED4_04921,MED4_ARR_0443_x_at,"Cytochrome c oxidase, subunit I",,,,,,-1.8,3.0,PMM0445
H [U (U8)],PMM0335*,PMED4_03451,MED4_ARR_0333_x_at,Possible NADH-plastoquinone oxidoreductase chain 5,,,,,,1.0,1.0,PMM0335
H [Z (Z1)],PMM0336*,PMED4_03461,MED4_ARR_0334_x_at,Plastoquinol terminal oxidase (PTOX),,,,3.7,1.0,4.4,1.0,PMM0336
I (I2),PMM0244,PMED4_02491,MED4_ARR_0242_x_at,dCTP deaminase,,,,,,-1.0,4.0,PMM0244
I (I2),PMM0506,PMED4_05551,MED4_ARR_0503_x_at,Adenylosuccinate synthetase,,,,-0.4,4.0,-1.1,4.0,PMM0506
I (I2),PMM0661,PMED4_07171,MED4_ARR_0658_x_at,Ribonucleotide reductase (Class II) (nrdJ),1.0,,,-1.9,3.0,-2.6,2.0,PMM0661
I (I2),PMM1062,PMED4_12081,MED4_ARR_1057_x_at,Putative IMP dehydrogenase,,,,,,-0.7,2.0,PMM1062
I (I3),PMM0096,PMED4_01011,MED4_ARR_0095_x_at,Inositol monophosphate family protein,0.7,,,,,-1.1,2.0,PMM0096
I (I3),PMM0233,PMED4_02381,MED4_ARR_0230_x_at,Aspartate carbamoyltransferase,1.0,,,-0.9,2.0,,,PMM0233
I (I3),PMM0522,PMED4_05711,MED4_ARR_0519_x_at,Uridylate kinase,1.0,,,-0.8,3.0,,,PMM0522
I (I3),PMM0951,PMED4_10611,MED4_ARR_0946_x_at,Carbamoyl-phosphate synthase small chain,,,,-1.1,4.0,-1.0,4.0,PMM0951
I (I3),PMM1689,PMED4_19001,MED4_ARR_1676_x_at,Glutamine amidotransferase class I:CTP synthase,0.8,,,,,,,PMM1689
I [U (U8)],PMM1122*,PMED4_12691,MED4_ARR_1116_x_at,Phosphoribosyl transferase,,,,-1.0,2.0,-1.2,2.0,PMM1122
I [U (U8)],PMM1539*,PMED4_17491,MED4_ARR_1529_x_at,Adenylate kinase,,,,-1.0,4.0,-1.1,4.0,PMM1539
J (-),PMM0067,PMED4_00691,MED4_ARR_0066_x_at,HIT (Histidine triad) family protein,,,,,,-0.3,3.0,PMM0067
J (-),PMM0154,PMED4_01601,MED4_ARR_0153_x_at,"Bacterial regulatory protein, LuxR family",,,,,,0.8,1.0,PMM0154
J (-),PMM0178,PMED4_01841,MED4_ARR_0177_x_at,Putative glutathione synthetase,,,,-0.5,2.0,,,PMM0178
J (-),PMM0363,PMED4_03881,MED4_ARR_0361_x_at,Possible MarR family,,,,0.9,1.0,1.2,1.0,PMM0363
J (-),PMM0514,PMED4_05631,MED4_ARR_0511_x_at,Putative dihydroorotase,,,,-0.5,3.0,-0.5,4.0,PMM0514
J (-),PMM0637,PMED4_06871,MED4_ARR_0634_x_at,Ferric uptake regulator family,0.6,,,1.5,1.0,0.8,1.0,PMM0637
J (-),PMM0684,PMED4_07401,MED4_ARR_0681_x_at,"Possible zinc finger, C2H2 type",,,,2.3,1.0,,,PMM0684
J (-),PMM0714,PMED4_07881,MED4_ARR_0710_at,"Bacterial regulatory proteins, ArsR family",0.7,,,,,-1.1,3.0,PMM0714
J (-),PMM0806,PMED4_08921,MED4_ARR_0801_x_at,"Bacterial regulatory proteins, Crp family",,,,3.0,1.0,,,PMM0806
J (-),PMM1030,PMED4_11731,MED4_ARR_1025_x_at,Ferric uptake regulator family,,,,2.0,1.0,,,PMM1030
J (-),PMM1113,PMED4_12591,MED4_ARR_1108_x_at,Two-component response regulator,1.3,,,-1.4,3.0,,,PMM1113
J (-),PMM1218,PMED4_13831,MED4_ARR_1211_x_at,Putative ADP-heptose synthase,,,,,,-0.5,2.0,PMM1218
J (-),PMM1262,PMED4_14281,MED4_ARR_1255_x_at,"SOS function regulatory protein, LexA repressor",1.0,,,,,,,PMM1262
J (-),PMM1298,PMED4_14641,MED4_ARR_1289_x_at,Putative dihydrolipoamide dehydrogenase,,,,-0.7,2.0,-0.7,4.0,PMM1298
J (-),PMM1323,PMED4_14911,MED4_ARR_1314_x_at,Putative GPH family sugar transporter,0.8,,,,,,,PMM1323
J (-),PMM1369,PMED4_15401,MED4_ARR_1360_x_at,GAF domain,,,,-0.2,2.0,,,PMM1369
J (-),PMM1506,PMED4_17161,MED4_ARR_1496_x_at,ATP-dependent protease La (LON) domain,,,,-1.3,2.0,,,PMM1506
J (-),PMM1588,PMED4_17981,MED4_ARR_1577_x_at,Possible conserved carboxylase domain,,,,1.2,1.0,,,PMM1588
J (-),PMM1663,PMED4_18731,MED4_ARR_1651_x_at,Putative photosystem I assembly related protein Ycf37,1.2,,,-1.5,4.0,-2.0,4.0,PMM1663
K (-),PMM0436,PMED4_04831,MED4_ARR_0434_x_at,Prokaryotic DNA topoisomerase,,,,-1.0,4.0,-0.9,4.0,PMM0436
K (-),PMM0659,PMED4_07121,MED4_ARR_0656_x_at,NAD-dependent DNA ligase N-terminus,,,,,,-0.9,2.0,PMM0659
K (-),PMM0697,PMED4_07661,MED4_ARR_0693_at,Possible D12 class N6 adenine-specific DNA methyltransferase,,,,1.1,1.0,,,PMM0697
K (-),PMM0843,PMED4_09381,MED4_ARR_0838_x_at,Putative modulator of DNA gyrase TldD,0.9,,,-0.9,2.0,-1.1,4.0,PMM0843
K (-),PMM1054,PMED4_12001,MED4_ARR_1049_x_at,Crossover junction endodeoxyribonuclease RuvC,-1.0,,,,,0.6,1.0,PMM1054
K (-),PMM1562,PMED4_17721,MED4_ARR_1552_x_at,RecA bacterial DNA recombination protein,,,,1.2,1.0,,,PMM1562
K (-),PMM1634,PMED4_18441,MED4_ARR_1622_x_at,"DNA gyrase, subunit B",,,,,,-0.7,4.0,PMM1634
L (L1),PMM0200,PMED4_02061,MED4_ARR_0199_x_at,Possible ribonuclease HI,,,,-0.8,2.0,-1.2,4.0,PMM0200
L (L2),PMM1191,PMED4_13561,MED4_ARR_1185_x_at,Polyribonucleotide nucleotidyltransferase,,,,-2.3,2.0,-1.5,4.0,PMM1191
L (L2),PMM1299,PMED4_14651,MED4_ARR_1290_x_at,tRNA/rRNA methyltransferase (SpoU),1.2,,,-0.7,4.0,-1.2,4.0,PMM1299
L (L2),PMM1483,PMED4_16931,MED4_ARR_1473_x_at,RNA polymerase beta prime subunit (RpoC2),0.8,,,-1.6,4.0,-2.6,4.0,PMM1483
L (L2),PMM1484,PMED4_16941,MED4_ARR_1474_x_at,RNA polymerase gamma subunit (RpoC1),1.1,,,-1.0,4.0,-1.8,4.0,PMM1484
L (L2),PMM1485,PMED4_16951,MED4_ARR_1475_x_at,RNA polymerase beta subunit (RpoB),,,,-0.7,2.0,-0.9,4.0,PMM1485
L (L2),PMM1492,PMED4_17021,MED4_ARR_1482_x_at,N utilization substance protein A,,,,-0.7,2.0,-1.0,2.0,PMM1492
L (L2),PMM1535,PMED4_17451,MED4_ARR_1525_x_at,"Bacterial RNA polymerase, alpha chain",,,,-1.5,4.0,-1.5,4.0,PMM1535
L [P (-)],PMM1289*,PMED4_14551,MED4_ARR_1280_x_at,"Type II alternative RNA polymerase sigma factor, sigma-70 family",0.7,,,1.2,1.0,,,PMM1289
L [P (-)],PMM1629*,PMED4_18391,MED4_ARR_1617_x_at,"Type II alternative RNA polymerase sigma factor, sigma-70 family",-0.7,,,,,,,PMM1629
L [P (-)],PMM1697*,PMED4_19081,MED4_ARR_1684_x_at,"Type II alternative RNA polymerase sigma factor, sigma-70 family",,,,,,-1.5,2.0,PMM1697
O (O1),PMM0473,PMED4_05211,MED4_ARR_0471_x_at,Glutamyl-tRNA synthetase,0.6,,,-1.0,4.0,,,PMM0473
O (O1),PMM1618,PMED4_18281,MED4_ARR_1606_x_at,Lysyl-tRNA synthetase,,,,-0.9,2.0,-1.0,2.0,PMM1618
O [A (A2)],PMM0597*,PMED4_06461,MED4_ARR_0594_x_at,Threonyl-tRNA synthetase,,,,-1.2,2.0,-1.1,4.0,PMM0597
O (O2),PMM0203,PMED4_02091,MED4_ARR_0202_x_at,50S ribosomal protein L1,,,,-2.3,2.0,,,PMM0203
O (O2),PMM0312,PMED4_03181,MED4_ARR_0310_x_at,"30S ribosomal protein S1, homolog A",0.9,,,-1.2,2.0,-1.2,2.0,PMM0312
O (O2),PMM0410,PMED4_04531,MED4_ARR_0408_x_at,30S ribosomal protein S4,,,,-0.5,2.0,,,PMM0410
O (O2),PMM0753,PMED4_08381,MED4_ARR_0749_x_at,30S ribosomal protein S2,,,,,,1.1,1.0,PMM0753
O (O2),PMM1507,PMED4_17171,MED4_ARR_1497_x_at,30S ribosomal protein S10,,,,-2.4,2.0,-2.2,4.0,PMM1507
O (O2),PMM1510,PMED4_17201,MED4_ARR_1500_x_at,30S ribosomal protein S7,,,,-1.0,2.0,,,PMM1510
O (O2),PMM1530,PMED4_17401,MED4_ARR_1520_x_at,50S ribosomal protein L31,,,,-1.3,2.0,,,PMM1530
O (O2),PMM1536,PMED4_17461,MED4_ARR_1526_x_at,30S ribosomal protein S11,0.7,,,-1.6,4.0,,,PMM1536
O (O2),PMM1541,PMED4_17511,MED4_ARR_1531_x_at,50S ribosomal protein L15,,,,-2.2,2.0,-2.5,4.0,PMM1541
O (O2),PMM1542,PMED4_17521,MED4_ARR_1532_x_at,30S ribosomal protein S5,,,,-2.2,2.0,-1.6,4.0,PMM1542
O (O2),PMM1543,PMED4_17531,MED4_ARR_1533_x_at,50S ribosomal protein L18,0.9,,,-1.3,2.0,-1.5,4.0,PMM1543
O (O2),PMM1544,PMED4_17541,MED4_ARR_1534_x_at,50S ribosomal protein L6,,,,,,-0.6,3.0,PMM1544
O (O2),PMM1545,PMED4_17551,MED4_ARR_1535_x_at,30S ribosomal protein S8,,,,-1.7,2.0,-2.4,4.0,PMM1545
O (O2),PMM1546,PMED4_17561,MED4_ARR_1536_x_at,50S ribosomal protein L5,,,,-1.3,2.0,-1.6,4.0,PMM1546
O (O2),PMM1547,PMED4_17571,MED4_ARR_1537_at,50S ribosomal protein L24,,,,-1.2,4.0,-1.1,4.0,PMM1547
O (O2),PMM1548,PMED4_17581,MED4_ARR_1538_x_at,50S ribosomal protein L14,,,,-0.9,2.0,-1.8,4.0,PMM1548
O (O2),PMM1549,PMED4_17591,MED4_ARR_1539_x_at,30S ribosomal protein S17,,,,-1.3,2.0,-1.4,2.0,PMM1549
O (O2),PMM1551,PMED4_17611,MED4_ARR_1541_x_at,50S ribosomal protein L16,,,,-1.7,2.0,-2.2,4.0,PMM1551
O (O2),PMM1552,PMED4_17621,MED4_ARR_1542_x_at,30S ribosomal protein S3,,,,-1.8,2.0,-2.5,4.0,PMM1552
O (O2),PMM1553,PMED4_17631,MED4_ARR_1543_x_at,50S ribosomal protein L22,,,,-1.5,2.0,-2.7,4.0,PMM1553
O (O2),PMM1554,PMED4_17641,MED4_ARR_1544_x_at,30S ribosomal protein S19,,,,-1.9,2.0,-2.2,4.0,PMM1554
O (O2),PMM1555,PMED4_17651,MED4_ARR_1545_x_at,50S ribosomal protein L2,-0.5,,,,,-1.5,4.0,PMM1555
O (O2),PMM1556,PMED4_17661,MED4_ARR_1546_x_at,50S ribosomal protein L23,,,,,,-2.3,2.0,PMM1556
O (O2),PMM1557,PMED4_17671,MED4_ARR_1547_x_at,50S ribosomal protein L4,,,,-1.6,2.0,-2.0,4.0,PMM1557
O (O2),PMM1706,PMED4_19171,MED4_ARR_1693_x_at,30S ribosomal protein S6,,,,-1.0,2.0,,,PMM1706
O (O5),PMM1313,PMED4_14801,MED4_ARR_1304_x_at,Clp protease proteolytic subunit,,,,1.4,1.0,,,PMM1313
O (O5),PMM1490,PMED4_17001,MED4_ARR_1480_x_at,Serine protease,,,,1.7,1.0,,,PMM1490
O (O5),PMM1656,PMED4_18661,MED4_ARR_1644_x_at,Clp protease proteolytic subunit,,,,,,-0.8,3.0,PMM1656
O (O5),PMM1657,PMED4_18671,MED4_ARR_1645_x_at,"Clp protease ATP-binding subunit, ClpX",1.2,,,-0.5,2.0,-1.3,4.0,PMM1657
O (O6),PMM1321,PMED4_14891,MED4_ARR_1312_x_at,Bacterial histone-like DNA-binding protein,0.7,,,-1.4,3.0,-2.3,3.0,PMM1321
O (O7),PMM0754,PMED4_08391,MED4_ARR_0750_x_at,Putative elongation factor Ts,0.8,,,,,,,PMM0754
O (O7),PMM1148,PMED4_13061,MED4_ARR_1142_x_at,Possible EF-1 guanine nucleotide exchange domain,,,,-0.6,3.0,-1.3,4.0,PMM1148
O (O7),PMM1494,PMED4_17041,MED4_ARR_1484_x_at,Translation initiation factor IF-2,,,,-0.4,2.0,,,PMM1494
O (O7),PMM1508,PMED4_17181,MED4_ARR_1498_x_at,Elongation factor Tu,,,,-2.1,2.0,-2.2,2.0,PMM1508
O (O7),PMM1509,PMED4_17191,MED4_ARR_1499_x_at,Elongation factor G,,,,-1.7,2.0,-2.2,2.0,PMM1509
O (O7),PMM1529,PMED4_17391,MED4_ARR_1519_x_at,Peptide chain release factor RF-1,,,,-0.8,4.0,-1.1,4.0,PMM1529
O [U (U8)],PMM0342*,PMED4_03561,MED4_ARR_0340_x_at,Possible helper component proteinase,,,,0.8,1.0,0.6,1.0,PMM0342
P (-),PMM0125,PMED4_01311,MED4_ARR_0124_x_at,"Possible ABC transporter, ATP-binding component",0.7,,,,,,,PMM0125
P (-),PMM0213,PMED4_02191,MED4_ARR_0212_x_at,Putative sodium-dependent bicarbonate transporter,,,,-1.7,4.0,-2.3,4.0,PMM0213
P [J (-)],PMM0214*,PMED4_02201,MED4_ARR_0213_x_at,Putative bicarbonate transporter (BicA),,,,-1.7,4.0,-1.5,4.0,PMM0214
P (-),PMM0263,PMED4_02681,MED4_ARR_0261_x_at,Ammonium transporter family,,,,-0.8,3.0,,,PMM0263
P (-),PMM0370,PMED4_04031,MED4_ARR_0368_x_at,"Putative cyanate ABC transporter, substrate binding protein",,,,-1.0,3.0,-1.1,3.0,PMM0370
P (-),PMM0383,PMED4_04221,MED4_ARR_0381_x_at,Probable periplasmic protein,,,,-1.1,4.0,-2.7,4.0,PMM0383
P (-),PMM0434,PMED4_04811,MED4_ARR_0432_x_at,"Possible ABC transporter, ATP binding protein",,,,,,-1.2,4.0,PMM0434
P (-),PMM0472,PMED4_05201,MED4_ARR_0470_x_at,"Putative Na+/H+ antiporter, CPA1 family",,,,-1.6,3.0,,,PMM0472
P (-),PMM0568,PMED4_06171,MED4_ARR_0565_x_at,Putative CaCA family sodium/calcium exchanger,0.7,,,-0.7,2.0,,,PMM0568
P (-),PMM0602,PMED4_06511,MED4_ARR_0599_x_at,"ABC transporter, ATP binding domain, possibly Mn transporter",1.1,,,-1.0,4.0,,,PMM0602
P (-),PMM0603,PMED4_06521,MED4_ARR_0600_x_at,"ABC transporter component, possibly Mn transporter",,,,-1.1,2.0,-1.1,4.0,PMM0603
P [J (-)],PMM0644*,PMED4_06941,MED4_ARR_0641_x_at,Putative sulfate transporter,,,,-0.2,3.0,-0.6,4.0,PMM0644
P (-),PMM0710,PMED4_07841,MED4_ARR_0706_x_at,"ABC transporter, substrate binding protein, phosphate",,,,-1.6,4.0,-1.7,4.0,PMM0710
P (-),PMM0861,PMED4_09701,MED4_ARR_0856_x_at,Possible virion host shutoff protein,,,,2.0,1.0,,,PMM0861
P (-),PMM0970,PMED4_10821,MED4_ARR_0965_x_at,"Putative urea ABC transporter, substrate binding protein",2.1,,,-3.1,3.0,-2.5,4.0,PMM0970
P (-),PMM0971,PMED4_10831,MED4_ARR_0966_x_at,Putative urea ABC transporter,1.1,,,-1.1,4.0,-1.4,2.0,PMM0971
P (-),PMM0972,PMED4_10841,MED4_ARR_0967_x_at,Putative membrane protein of urea ABC transport system,1.4,,,-1.7,4.0,-1.3,4.0,PMM0972
P (-),PMM0974,PMED4_10861,MED4_ARR_0969_x_at,"Putative urea ABC transporter, ATP binding protein",0.8,,,,,,,PMM0974
P (-),PMM1029,PMED4_11721,MED4_ARR_1024_x_at,"ABC transporter component, possibly Mn transporter",1.0,,,,,-1.3,4.0,PMM1029
P (-),PMM1600,PMED4_18101,MED4_ARR_1589_x_at,"Putative Na+/H+ antiporter, CPA2 family",1.2,,,-1.4,3.0,-1.6,4.0,PMM1600
R [- (-)],*,PMED4_asRNA_00641,MED4_RNA_0051_x_at,Antisense RNA asRNA_00641,-0.8,,,1.1,1.0,,,
R [- (-)],*,PMED4_asRNA_03431,MED4_RNA_0044_x_at,Antisense RNA asRNA_03431,,,,,,-2.3,2.0,
R [- (-)],*,PMED4_asRNA_04001,MED4_RNA_0063_x_at,Antisense RNA asRNA_04001,-0.9,,,1.9,1.0,1.7,1.0,
R [- (-)],*,PMED4_asRNA_04601,MED4_RNA_0056_x_at,Antisense RNA asRNA_04601,-2.3,,,,,,,
R [- (-)],*,PMED4_asRNA_07511,MED4_RNA_0047_x_at,Antisense RNA asRNA_07511,,,,1.1,3.0,,,
R [- (-)],*,PMED4_asRNA_15721,MED4_RNA_0060_x_at,Antisense RNA asRNA_15721,-1.3,,,2.3,1.0,1.6,1.0,
R [- (-)],*,PMED4_asRNA_16221,MED4_RNA_0046_x_at,Antisense RNA asRNA_16221,,,,,,0.8,1.0,
R [- (-)],*,PMED4_asRNA_17331,MED4_RNA_0062_at,Antisense RNA asRNA_17331,1.0,,,,,,,
R [- (-)],*,PMED4_ncRNA_Yfr2,MED4_RNA_0087_x_at,Noncoding RNA Yfr2,1.0,,,,,,,
R [- (-)],*,PMED4_ncRNA_Yfr4,MED4_RNA_0045_x_at,Noncoding RNA Yfr4,,,,3.2,1.0,,,
R [- (-)],*,PMED4_ncRNA_Yfr5,MED4_RNA_0066_x_at,Noncoding RNA Yfr5,0.9,,,1.6,1.0,,,
R [- (-)],*,PMED4_ncRNA_Yfr6,MED4_RNA_0081_x_at,Noncoding RNA Yfr6,-1.7,,,2.9,1.0,2.9,1.0,
R [- (-)],*,PMED4_ncRNA_Yfr11,MED4_RNA_0076_x_at,Noncoding RNA Yfr11,-2.3,,,,,,,
R [- (-)],*,PMED4_ncRNA_Yfr13,MED4_RNA_0064_x_at,Noncoding RNA Yfr13,,,,2.0,1.0,,,
R [- (-)],*,PMED4_ncRNA_Yfr14,MED4_RNA_0052_x_at,Noncoding RNA Yfr14,-1.4,,,,,,,
R [- (-)],*,PMED4_ncRNA_Yfr16,MED4_RNA_0048_x_at,Noncoding RNA Yfr16,-1.1,,,,,0.9,1.0,
R [- (-)],*,PMED4_ncRNA_Yfr17,MED4_RNA_0078_x_at,Noncoding RNA Yfr17,,,,-0.9,3.0,,,
R [- (-)],*,PMED4_ncRNA_Yfr19,MED4_RNA_0073_x_at,Noncoding RNA Yfr19,-1.1,,,,,,,
R [- (-)],*,PMED4_ncRNA_Yfr20,MED4_RNA_0070_x_at,Noncoding RNA Yfr20,2.9,,,4.7,1.0,4.1,1.0,
R [- (-)],*,PMED4_ncRNA_Yfr23,MED4_RNA_0089_b_at,Noncoding RNA Yfr23,-0.8,,,,,,,
R [- (-)],*,PMED4_ncRNA_Yfr24,MED4_RNA_0090_b_at,Noncoding RNA Yfr24,1.1,,,,,,,
R [- (-)],PMM_tRNA-Ala2*,PMM_tRNA-Ala2,MED4_RNA_0030_at,tRNA-Ala2,1.1,,,,,,,
R [- (-)],PMM_tRNA-Arg1*,PMM_tRNA-Arg1,MED4_RNA_0029_at,tRNA-Arg1,1.2,,,,,,,
R [- (-)],PMM_tRNA-Asn1*,PMM_tRNA-Asn1,MED4_RNA_0003_at,tRNA-Asn1,1.2,,,,,,,
R [- (-)],PMM_tRNA-Glu1*,PMM_tRNA-Glu1,MED4_RNA_0025_at,tRNA-Glu1,,,,,,2.4,1.0,
R [- (-)],PMM_tRNA-Leu1*,PMM_tRNA-Leu1,MED4_RNA_0004_at,tRNA-Leu1,-1.8,,,,,,,
R [- (-)],PMM_tRNA-Met1*,PMM_tRNA-Met1,MED4_RNA_0022_at,tRNA-Met1,1.7,,,,,,,
R [- (-)],PMM_tRNA-Pro1*,PMM_tRNA-Pro1,MED4_RNA_0024_at,tRNA-Pro1,1.5,,,,,,,
U (U1),PMM0689,PMED4_07541,MED4_ARR_0685_x_at,Possible high light inducible protein Hli22,,,,2.5,1.0,,,PMM0689
U (U1),PMM0690,PMED4_07551,MED4_ARR_0686_at,Possible high light inducible protein Hli21,,,,0.8,1.0,1.7,1.0,PMM0690
U (U1),PMM0817,PMED4_09091,MED4_ARR_0812_x_at,Possible high light inducible protein Hli17,-1.7,,,2.7,1.0,3.8,1.0,PMM0817
U (U1),PMM0818,PMED4_09101,MED4_ARR_0813_s_at,Possible high light inducible protein Hli16,,,,2.5,1.0,3.8,1.0,PMM0818
U (U1),PMM1025,PMED4_11631,MED4_ARR_1020_x_at,Putative stress-induced protein OsmC,,,,-1.1,3.0,,,PMM1025
U (U1),PMM1118,PMED4_12641,MED4_ARR_1112_at,Possible high light inducible protein Hli4,-1.7,,,2.1,1.0,2.4,1.0,PMM1118
U (U1),PMM1135,PMED4_12891,MED4_ARR_1129_x_at,Possible high light inducible protein Hli14,-1.7,1.7,1.0,2.1,1.0,2.8,1.0,PMM1135
U (U1),PMM1284,PMED4_14501,MED4_ARR_1275_x_at,PhoH-like phosphate starvation-inducible protein,,,,,,-0.8,3.0,PMM1284
U (U1),PMM1317,PMED4_14841,MED4_ARR_1308_x_at,Possible high light inducible protein Hli13,0.6,,,,,,,PMM1317
U (U1),PMM1384,PMED4_15731,MED4_ARR_1375_at,Possible high light inducible protein Hli12,-1.7,,,2.0,1.0,2.2,1.0,PMM1384
U (U1),PMM1385,PMED4_15741,MED4_ARR_1376_at,Possible high light inducible protein Hli11,-1.3,,,1.6,1.0,1.8,1.0,PMM1385
U (U1),PMM1396,PMED4_15931,MED4_ARR_1387_at,Possible high light inducible protein Hli9,,,,1.1,1.0,2.3,1.0,PMM1396
U (U1),PMM1397,PMED4_15941,MED4_ARR_1388_x_at,Possible high light inducible protein Hli8,-1.6,,,1.7,1.0,2.7,1.0,PMM1397
U (U1),PMM1404,PMED4_16051,MED4_ARR_1395_at,Possible high light inducible protein Hli5,-0.8,,,3.4,1.0,4.8,1.0,PMM1404
U (U1),PMM1482,PMED4_16921,MED4_ARR_1472_at,Possible high light inducible protein Hli3,,,,-2.2,2.0,-3.2,4.0,PMM1482
U (U2),PMM0847,PMED4_09421,MED4_ARR_0842_x_at,Putative acetazolamide conferring resistance protein Zam,-0.6,,,,,,,PMM0847
U (U4),PMM1034,PMED4_11771,MED4_ARR_1029_x_at,G-protein beta WD-40 repeats,,,,-2.0,3.0,-2.2,3.0,PMM1034
U (U4),PMM1067,PMED4_12131,MED4_ARR_1062_x_at,Possible adenoviral fiber protein,,,,1.5,1.0,,,PMM1067
U (U8),PMM0211,PMED4_02171,MED4_ARR_0210_x_at,FAD-dependent pyridine nucleotide-disulphide oxidoreductase,0.7,,,,,,,PMM0211
U (U8),PMM0348,PMED4_03661,MED4_ARR_0346_x_at,Possible Spectrin repeat,,,,,,1.3,1.0,PMM0348
U (U8),PMM0482,PMED4_05311,MED4_ARR_0480_x_at,Band 7 protein,0.7,,,,,,,PMM0482
U (U8),PMM0615,PMED4_06641,MED4_ARR_0612_x_at,Possible nitrilase,0.8,,,,,,,PMM0615
U (U8),PMM0649,PMED4_06991,MED4_ARR_0646_x_at,Pentapeptide repeats,0.8,,,,,,,PMM0649
U (U8),PMM0804,PMED4_08901,MED4_ARR_0799_x_at,Ferritin,,,,1.5,1.0,,,PMM0804
U (U8),PMM0872,PMED4_09821,MED4_ARR_0867_x_at,Possible carboxylesterase,-0.5,,,1.7,1.0,,,PMM0872
U (U8),PMM0962,PMED4_10741,MED4_ARR_0957_x_at,Possible Vng0271c,1.2,,,,,,,PMM0962
U (U8),PMM1074,PMED4_12201,MED4_ARR_1069_x_at,Glucose-6-phosphate dehydrogenase,0.6,,,,,,,PMM1074
U (U8),PMM1110,PMED4_12561,MED4_ARR_1105_x_at,BolA-like protein,,,,,,-0.7,4.0,PMM1110
U (U8),PMM1124,PMED4_12721,MED4_ARR_1118_x_at,Possible natural resistance-associated macroph,0.9,,,,,,,PMM1124
U (U8),PMM1134,PMED4_12881,MED4_ARR_1128_x_at,Possible phosphatidylinositol-specific phospholipase,,,,1.2,1.0,,,PMM1134
U (U8),PMM1181,PMED4_13461,MED4_ARR_1175_x_at,Chorismate mutase,,,,-0.4,2.0,-0.5,2.0,PMM1181
U (U8),PMM1230,PMED4_13951,MED4_ARR_1223_x_at,"Dehydrogenase E1 component, beta subunit",0.9,,,-1.3,2.0,-1.0,2.0,PMM1230
U (U8),PMM1232,PMED4_13971,MED4_ARR_1225_x_at,Methyltransferase,,,,-1.1,2.0,-1.0,2.0,PMM1232
U (U8),PMM1251,PMED4_14171,MED4_ARR_1244_x_at,Carbamoyltransferase,,,,-0.9,2.0,-1.3,4.0,PMM1251
U (U8),PMM1296,PMED4_14621,MED4_ARR_1287_x_at,Marine cyanobacterial conserved hypothetical protein,1.2,,,,,,,PMM1296
U (U8),PMM1350,PMED4_15181,MED4_ARR_1341_x_at,Pentapeptide repeats,,,,-1.8,3.0,,,PMM1350
U (U8),PMM1400,PMED4_15971,MED4_ARR_1391_x_at,Possible hemagglutinin-neuraminidase,-1.0,,,-2.8,2.0,1.8,2.0,PMM1400
U (U8),PMM1421,PMED4_16281,MED4_ARR_1412_x_at,Possible gibberellin regulated protein,-0.5,,,,,,,PMM1421
U (U8),PMM1466,PMED4_16751,MED4_ARR_1456_x_at,Fumarate lyase,,,,,,-0.4,2.0,PMM1466
U (U8),PMM1593,PMED4_18031,MED4_ARR_1582_x_at,Phycoerythrobilin:ferredoxin oxidoreductase,,,,,,0.3,2.0,PMM1593
U (U8),PMM1596,PMED4_18061,MED4_ARR_1585_x_at,Isocitrate dehydrogenase,,,,,,-0.4,2.0,PMM1596
U (U8),PMM1601,PMED4_18111,MED4_ARR_1590_x_at,Phosphorylase,,,,1.7,1.0,,,PMM1601
U (U8),PMM1616,PMED4_18261,MED4_ARR_1604_x_at,tmRNA binding protein SmpB,-0.7,,,,,,,PMM1616
U (U8),PMM1655,PMED4_18651,MED4_ARR_1643_x_at,FKBP-type peptidyl-prolyl cis-trans isomerase (PPIase),,,,,,-0.6,2.0,PMM1655
U [- (-)],*,PMED4_pseudo_3,MED4_ARR_1896_x_at,Pseudogene,-1.4,,,,,1.8,1.0,
U [- (-)],*,PMED4_pseudo_5,MED4_ARR_1784_x_at,Pseudogene,,,,0.5,2.0,,,
Z (Z1),PMM0008,PMED4_00071,MED4_ARR_0008_x_at,Conserved hypothetical protein,,,,1.2,1.0,,,PMM0008
Z (Z1),PMM0039,PMED4_00381,MED4_ARR_0039_x_at,Conserved hypothetical protein,,,,,,-0.9,3.0,PMM0039
Z (Z1),PMM0051,PMED4_00511,MED4_ARR_0051_x_at,Conserved hypothetical protein,,,,-1.0,2.0,,,PMM0051
Z (Z1),PMM0075,PMED4_00771,MED4_ARR_0074_x_at,Conserved hypothetical protein,1.0,,,,,-0.6,3.0,PMM0075
Z (Z1),PMM0086,PMED4_00891,MED4_ARR_0085_x_at,Conserved hypothetical protein,,,,2.2,1.0,,,PMM0086
Z (Z1),PMM0087,PMED4_00901,MED4_ARR_0086_x_at,Conserved hypothetical protein,,,,,,0.6,1.0,PMM0087
Z (Z1),PMM0114,PMED4_01201,MED4_ARR_0113_x_at,Conserved hypothetical protein,0.7,,,,,,,PMM0114
Z (Z1),PMM0145,PMED4_01511,MED4_ARR_0144_x_at,Conserved hypothetical protein,,,,,,-0.6,3.0,PMM0145
Z (Z1),PMM0146,PMED4_01521,MED4_ARR_0145_x_at,Conserved hypothetical protein,,0.7,1.0,,,,,PMM0146
Z (Z1),PMM0151,PMED4_01571,MED4_ARR_0150_x_at,Conserved hypothetical protein,,,,,,-0.6,4.0,PMM0151
Z (Z1),PMM0212,PMED4_02181,MED4_ARR_0211_x_at,Conserved hypothetical protein,,,,-1.3,2.0,,,PMM0212
Z (Z1),PMM0265,PMED4_02701,MED4_ARR_0263_x_at,Conserved hypothetical protein,1.4,,,-0.4,3.0,-1.6,4.0,PMM0265
Z (Z1),PMM0268,PMED4_02731,MED4_ARR_0266_x_at,Conserved hypothetical protein,-0.5,,,,,,,PMM0268
Z (Z1),PMM0279,PMED4_02841,MED4_ARR_0277_x_at,Conserved hypothetical protein,1.0,,,,,,,PMM0279
Z (Z1),PMM0283,PMED4_02881,MED4_ARR_0281_x_at,Conserved hypothetical protein,0.7,,,,,-0.9,2.0,PMM0283
Z (Z1),PMM0296,PMED4_03011,MED4_ARR_0294_x_at,Conserved hypothetical protein,0.7,,,,,,,PMM0296
Z (Z1),PMM0346,PMED4_03631,MED4_ARR_0344_x_at,Conserved hypothetical protein,,,,-0.4,3.0,-0.7,4.0,PMM0346
Z (Z1),PMM0347,PMED4_03641,MED4_ARR_0345_at,Conserved hypothetical protein,,,,,,-0.8,2.0,PMM0347
Z (Z1),PMM0367,PMED4_03941,MED4_ARR_0365_x_at,Conserved hypothetical protein,1.2,,,-1.1,2.0,-1.4,2.0,PMM0367
Z (Z1),PMM0368,PMED4_03951,MED4_ARR_0366_x_at,Conserved hypothetical protein,,,,,,1.5,2.0,PMM0368
Z (Z1),PMM0378,PMED4_04111,MED4_ARR_0376_x_at,Conserved hypothetical protein,-0.9,,,,,-1.0,4.0,PMM0378
Z (Z1),PMM0395,PMED4_04361,MED4_ARR_0393_x_at,Conserved hypothetical protein,,,,-2.1,2.0,-2.1,2.0,PMM0395
Z (Z1),PMM0447,PMED4_04941,MED4_ARR_0445_x_at,Conserved hypothetical protein,,,,1.4,1.0,,,PMM0447
Z (Z1),PMM0474,PMED4_05221,MED4_ARR_0472_at,Conserved hypothetical protein,,,,-1.8,2.0,,,PMM0474
Z (Z1),PMM0479,PMED4_05271,MED4_ARR_0477_x_at,Conserved hypothetical protein,0.6,,,,,,,PMM0479
Z (Z1),PMM0480,PMED4_05281,MED4_ARR_0478_x_at,Conserved hypothetical protein,1.1,,,1.3,3.0,,,PMM0480
Z (Z1),PMM0576,PMED4_06251,MED4_ARR_0573_x_at,Conserved hypothetical protein,,,,-0.6,3.0,-0.6,2.0,PMM0576
Z (Z1),PMM0582,PMED4_06311,MED4_ARR_0579_x_at,Conserved hypothetical protein,,,,0.1,1.0,-0.3,3.0,PMM0582
Z (Z1),PMM0614,PMED4_06631,MED4_ARR_0611_x_at,Conserved hypothetical protein,0.8,,,,,,,PMM0614
Z (Z1),PMM0622,PMED4_06711,MED4_ARR_0619_x_at,Conserved hypothetical protein,1.0,,,,,,,PMM0622
Z (Z1),PMM0686,PMED4_07441,MED4_ARR_0682_at,Conserved hypothetical protein,,,,-1.0,4.0,,,PMM0686
Z (Z1),PMM0700,PMED4_07711,MED4_ARR_0696_x_at,Conserved hypothetical protein,,,,,,-0.6,3.0,PMM0700
Z (Z1),PMM0741,PMED4_08261,MED4_ARR_0737_x_at,Conserved hypothetical protein,,,,-0.4,4.0,,,PMM0741
Z (Z1),PMM0751,PMED4_08361,MED4_ARR_0747_at,Conserved hypothetical protein,-1.0,,,,,,,PMM0751
Z (Z1),PMM0775,PMED4_08601,MED4_ARR_0771_x_at,Conserved hypothetical protein,-0.7,,,,,,,PMM0775
Z (Z1),PMM0881,PMED4_09921,MED4_ARR_0876_x_at,Conserved hypothetical protein,0.7,,,,,,,PMM0881
Z (Z1),PMM1001,PMED4_11261,MED4_ARR_0996_x_at,Conserved hypothetical protein,0.6,,,,,,,PMM1001
Z (Z1),PMM1028,PMED4_11701,MED4_ARR_1023_x_at,Conserved hypothetical protein,-0.8,,,-1.7,2.0,-1.2,4.0,PMM1028
Z (Z1),PMM1071,PMED4_12171,MED4_ARR_1066_x_at,Conserved hypothetical protein,1.0,,,-1.2,4.0,-1.4,4.0,PMM1071
Z (Z1),PMM1149,PMED4_13071,MED4_ARR_1143_x_at,Conserved hypothetical protein,,,,0.3,3.0,-1.1,4.0,PMM1149
Z (Z1),PMM1236,PMED4_14011,MED4_ARR_1229_x_at,Conserved hypothetical protein,,,,-0.5,4.0,-0.9,4.0,PMM1236
Z (Z1),PMM1250,PMED4_14161,MED4_ARR_1243_x_at,Conserved hypothetical protein,,,,-0.5,2.0,,,PMM1250
Z (Z1),PMM1272,PMED4_14381,MED4_ARR_1265_x_at,Conserved hypothetical protein,,,,-0.8,2.0,-0.9,2.0,PMM1272
Z (Z1),PMM1283,PMED4_14491,MED4_ARR_1274_x_at,Conserved hypothetical protein,-0.8,,,,,,,PMM1283
Z (Z1),PMM1349,PMED4_15171,MED4_ARR_1340_x_at,Conserved hypothetical protein,,,,1.5,1.0,,,PMM1349
Z (Z1),PMM1359,PMED4_15281,MED4_ARR_1350_x_at,Conserved hypothetical protein,0.8,,,0.9,1.0,,,PMM1359
Z (Z1),PMM1375,PMED4_15551,MED4_ARR_1366_at,Possible M protein repeat,-0.7,,,,,,,PMM1375
Z (Z1),PMM1413,PMED4_16181,MED4_ARR_1404_x_at,Conserved hypothetical protein,,,,,,0.5,1.0,PMM1413
Z (Z1),PMM1416,PMED4_16211,MED4_ARR_1407_x_at,Conserved hypothetical protein,,,,1.0,3.0,,,PMM1416
Z (Z1),PMM1435,PMED4_16441,MED4_ARR_1425_x_at,Conserved hypothetical protein,,,,-2.0,2.0,,,PMM1435
Z (Z1),PMM1457,PMED4_16661,MED4_ARR_1447_x_at,Possible ATP synthase subunit 1,,,,-0.7,2.0,-1.0,2.0,PMM1457
Z (Z1),PMM1498,PMED4_17081,MED4_ARR_1488_x_at,Conserved hypothetical protein,1.0,,,,,,,PMM1498
Z (Z1),PMM1599,PMED4_18091,MED4_ARR_1588_x_at,Conserved hypothetical protein,1.3,,,,,-1.2,4.0,PMM1599
Z (Z1),PMM1617,PMED4_18271,MED4_ARR_1605_x_at,Conserved hypothetical protein,1.0,,,,,,,PMM1617
Z (Z1),PMM1631,PMED4_18411,MED4_ARR_1619_at,Conserved hypothetical protein,0.5,,,,,,,PMM1631
Z (Z1),PMM1632,PMED4_18421,MED4_ARR_1620_at,Conserved hypothetical protein,0.6,,,,,,,PMM1632
Z (Z2),PMM0307,PMED4_03131,MED4_ARR_0305_at,Hypothetical protein,,,,-0.7,4.0,-1.6,4.0,PMM0307
Z (Z2),PMM0805,PMED4_08911,MED4_ARR_0800_x_at,Hypothetical protein,-0.5,,,,,,,PMM0805
Z (Z2),PMM0812,PMED4_09011,MED4_ARR_0807_at,Hypothetical protein,,,,1.8,3.0,1.8,3.0,PMM0812
Z (Z2),PMM0819,PMED4_09131,MED4_ARR_0814_x_at,Hypothetical protein,,,,2.6,1.0,2.1,1.0,PMM0819
Z (Z2),PMM0999,PMED4_11241,MED4_ARR_0994_at,Hypothetical protein,0.6,,,,,,,PMM0999
Z (Z2),PMM1174,PMED4_13391,MED4_ARR_1168_x_at,Hypothetical protein,,,,,,-1.2,3.0,PMM1174
Z (Z2),PMM1241,PMED4_14061,MED4_ARR_1234_x_at,Hypothetical protein,0.6,,,,,,,PMM1241
Z (Z2),PMM1247,PMED4_14121,MED4_ARR_1240_x_at,Hypothetical protein,,,,,,-0.4,2.0,PMM1247
Z (Z2),PMM1362,PMED4_15311,MED4_ARR_1353_at,Hypothetical protein,-0.6,,,,,,,PMM1362
Z (Z2),PMM1387,PMED4_15821,MED4_ARR_1378_x_at,Hypothetical protein,,,,1.1,1.0,,,PMM1387
Z (Z2),PMM1408,PMED4_16091,MED4_ARR_1399_at,Hypothetical protein,,,,,,1.1,1.0,PMM1408
Z [- (-)],PMM0220*,PMED4_02256,MED4_ARR_0218_x_at,Conserved hypothetical protein,,,,0.8,3.0,,,PMM0220
Z [- (-)],PMM1801*,PMED4_00531,MED4_ARR_1883_x_at,Conserved hypothetical protein,0.9,,,,,,,PMM1801
Z [- (-)],PMM1802*,PMED4_00571,MED4_ARR_1728_x_at,Conserved hypothetical protein,,,,-1.7,3.0,,,PMM1802
Z [- (-)],PMM1804*,PMED4_00921,MED4_ARR_1782_x_at,Conserved hypothetical protein,,,,1.6,1.0,,,PMM1804
Z [- (-)],PMM1810*,PMED4_03431,MED4_ARR_1749_x_at,Conserved hypothetical protein,-1.0,,,,,,,PMM1810
Z [- (-)],PMM1813*,PMED4_03491,MED4_ARR_1920_x_at,Conserved hypothetical protein,,,,0.7,1.0,2.5,1.0,PMM1813
Z [- (-)],PMM1814*,PMED4_03511,MED4_ARR_1926_x_at,Conserved hypothetical protein,,,,-3.3,4.0,-4.1,4.0,PMM1814
Z [- (-)],PMM1815*,PMED4_03531,MED4_ARR_1858_x_at,Conserved hypothetical protein,,,,3.4,1.0,3.2,1.0,PMM1815
Z [- (-)],PMM1817*,PMED4_03591,MED4_ARR_1806_x_at,Protein family PM-16,-0.9,,,,,,,PMM1817
Z [- (-)],PMM1819*,PMED4_03651,MED4_ARR_1939_x_at,Conserved hypothetical protein,-1.7,,,2.7,1.0,2.7,1.0,PMM1819
Z [- (-)],PMM1826*,PMED4_03841,MED4_ARR_1868_x_at,Conserved hypothetical protein,,,,,,-1.4,4.0,PMM1826
Z [- (-)],PMM1829*,PMED4_03961,MED4_ARR_1902_x_at,Conserved hypothetical protein,-1.8,,,1.8,1.0,2.2,1.0,PMM1829
Z [- (-)],PMM1840*,PMED4_04211,MED4_ARR_1790_x_at,Conserved hypothetical protein,1.0,,,,,,,PMM1840
Z [- (-)],PMM1842*,PMED4_04261,MED4_ARR_1757_x_at,Hypothetical protein,,0.8,1.0,,,,,PMM1842
Z [- (-)],PMM1849*,PMED4_04721,MED4_ARR_1724_x_at,Conserved hypothetical protein,,,,1.4,1.0,1.4,1.0,PMM1849
Z [- (-)],PMM1857*,PMED4_07141,MED4_ARR_1742_x_at,Conserved hypothetical protein,,,,,,0.4,1.0,PMM1857
Z [- (-)],PMM1869*,PMED4_07561,MED4_ARR_1746_x_at,Conserved hypothetical protein,1.5,,,,,,,PMM1869
Z [- (-)],PMM1880*,PMED4_07951,MED4_ARR_1842_x_at,Hypothetical protein,0.6,,,,,,,PMM1880
Z [- (-)],PMM1889*,PMED4_08251,MED4_ARR_1793_x_at,Hypothetical protein,0.9,,,,,,,PMM1889
Z [- (-)],PMM1894*,PMED4_09041,MED4_ARR_1781_x_at,Conserved hypothetical protein,,,,2.9,1.0,,,PMM1894
Z [- (-)],PMM1895*,PMED4_09051,MED4_ARR_1844_x_at,Hypothetical protein,-0.6,,,,,,,PMM1895
Z [- (-)],PMM1899*,PMED4_09331,MED4_ARR_1903_x_at,Conserved hypothetical protein,,,,1.6,1.0,,,PMM1899
Z [- (-)],PMM1900*,PMED4_09461,MED4_ARR_1711_x_at,Conserved hypothetical protein,1.3,,,-1.4,3.0,,,PMM1900
Z [- (-)],PMM1901*,PMED4_09531,MED4_ARR_1867_x_at,Conserved hypothetical protein,0.7,,,,,,,PMM1901
Z [- (-)],PMM1903*,PMED4_09561,MED4_ARR_1753_x_at,Conserved hypothetical protein,-0.6,,,2.5,1.0,1.4,1.0,PMM1903
Z [- (-)],PMM1915*,PMED4_09841,MED4_ARR_1758_x_at,Conserved hypothetical protein,-0.7,,,,,,,PMM1915
Z [- (-)],PMM1918*,PMED4_10691,MED4_ARR_1847_x_at,Conserved hypothetical protein,,,,2.0,1.0,1.3,1.0,PMM1918
Z [- (-)],PMM1919*,PMED4_10871,MED4_ARR_1882_x_at,Conserved hypothetical protein,,,,1.2,1.0,,,PMM1919
Z [- (-)],PMM1928*,PMED4_11171,MED4_ARR_1836_x_at,Conserved hypothetical protein,,,,,,-1.6,3.0,PMM1928
Z [- (-)],PMM1930*,PMED4_11201,MED4_ARR_1935_x_at,Conserved hypothetical protein,-1.7,,,,,,,PMM1930
Z [- (-)],PMM1931*,PMED4_11221,MED4_ARR_1756_x_at,Conserved hypothetical protein,,,,-3.2,2.0,-2.6,4.0,PMM1931
Z [- (-)],PMM1936*,PMED4_11411,MED4_ARR_1805_x_at,Conserved hypothetical protein,,,,,,1.2,1.0,PMM1936
Z [- (-)],PMM1939*,PMED4_11511,MED4_ARR_1769_x_at,Conserved hypothetical protein,0.9,,,,,,,PMM1939
Z [- (-)],PMM1955*,PMED4_12711,MED4_ARR_1875_x_at,Conserved hypothetical protein,0.5,,,,,,,PMM1955
Z [- (-)],PMM1958*,PMED4_12821,MED4_ARR_1888_x_at,Conserved hypothetical protein,,,,2.9,1.0,,,PMM1958
Z [- (-)],PMM1959*,PMED4_12831,MED4_ARR_1715_x_at,Conserved hypothetical protein,0.8,,,1.3,2.0,,,PMM1959
Z [- (-)],PMM1971*,PMED4_13321,MED4_ARR_1820_x_at,Conserved hypothetical protein,0.7,,,,,,,PMM1971
Z [- (-)],PMM1979*,PMED4_15431,MED4_ARR_1872_x_at,Conserved hypothetical protein,,,,4.6,1.0,,,PMM1979
Z [- (-)],PMM1980*,PMED4_15451,MED4_ARR_1942_x_at,Conserved hypothetical protein,-0.8,,,,,1.9,1.0,PMM1980
Z [- (-)],PMM1983*,PMED4_15491,MED4_ARR_1936_x_at,Conserved hypothetical protein,1.6,,,2.1,1.0,2.4,1.0,PMM1983
Z [- (-)],PMM1984*,PMED4_15501,MED4_ARR_1745_x_at,Hypothetical protein,1.6,0.7,3.0,1.1,1.0,,,PMM1984
Z [- (-)],PMM1985*,PMED4_15511,MED4_ARR_1794_x_at,Conserved hypothetical protein,1.5,,,-2.1,2.0,-2.1,4.0,PMM1985
Z [- (-)],PMM1986*,PMED4_15531,MED4_ARR_1791_x_at,Conserved hypothetical protein,,,,1.5,1.0,,,PMM1986
Z [- (-)],PMM1987*,PMED4_15561,MED4_ARR_1839_x_at,Conserved hypothetical protein,-0.5,,,,,,,PMM1987
Z [- (-)],PMM1988*,PMED4_15601,MED4_ARR_1815_x_at,Conserved hypothetical protein,-2.1,,,,,,,PMM1988
Z [- (-)],PMM1990*,PMED4_15621,MED4_ARR_1817_x_at,Conserved hypothetical protein,-1.1,,,,,,,PMM1990
Z [- (-)],PMM1995*,PMED4_15721,MED4_ARR_1911_x_at,Conserved hypothetical protein,,,,1.3,1.0,1.9,1.0,PMM1995
Z [- (-)],PMM1997*,PMED4_15761,MED4_ARR_1763_x_at,Conserved hypothetical protein,-0.9,,,,,-0.9,4.0,PMM1997
Z [- (-)],PMM1999*,PMED4_15781,MED4_ARR_1915_x_at,Conserved hypothetical protein,-2.4,,,,,,,PMM1999
Z [- (-)],PMM2003*,PMED4_15851,MED4_ARR_1850_x_at,Conserved hypothetical protein,-0.9,,,1.9,1.0,,,PMM2003
Z [- (-)],PMM2004*,PMED4_15921,MED4_ARR_1924_x_at,Conserved hypothetical protein,,,,-0.6,2.0,1.9,1.0,PMM2004
Z [- (-)],PMM2005*,PMED4_15981,MED4_ARR_1857_x_at,Conserved hypothetical protein,,,,,,0.8,1.0,PMM2005
Z [- (-)],PMM2018*,PMED4_16901,MED4_ARR_1829_x_at,Conserved hypothetical protein,,,,1.0,1.0,,,PMM2018
Z [- (-)],PMM2021*,PMED4_00502,MED4_ARR_1807_x_at,Hypothetical protein,,,,-2.7,2.0,-1.8,4.0,PMM2021
Z [- (-)],PMM2029*,PMED4_03462,MED4_ARR_1780_x_at,Hypothetical protein,-1.7,,,,,,,PMM2029
Z [- (-)],PMM2034*,PMED4_03963,MED4_ARR_1740_x_at,Hypothetical protein,,,,,,0.9,1.0,PMM2034
Z [- (-)],PMM2035*,PMED4_03964,MED4_ARR_1722_x_at,Hypothetical protein,,,,2.1,1.0,1.9,1.0,PMM2035
Z [- (-)],PMM2046*,PMED4_07432,MED4_ARR_1748_x_at,Hypothetical protein,,,,,,-0.8,1.0,PMM2046
Z [- (-)],PMM2051*,PMED4_07522,MED4_ARR_1929_x_at,Hypothetical protein,-0.9,,,,,,,PMM2051
Z [- (-)],PMM2052*,PMED4_07632,MED4_ARR_1822_x_at,Hypothetical protein,-1.0,,,2.6,1.0,2.0,1.0,PMM2052
Z [- (-)],PMM2054*,PMED4_08892,MED4_ARR_1808_x_at,Hypothetical protein,1.1,,,-1.6,2.0,,,PMM2054
Z [- (-)],PMM2055*,PMED4_08922,MED4_ARR_1720_x_at,Hypothetical protein,0.7,,,,,,,PMM2055
Z [- (-)],PMM2057*,PMED4_11782,MED4_ARR_1862_x_at,Hypothetical protein,-2.7,,,,,,,PMM2057
Z [- (-)],PMM2067*,PMED4_15712,MED4_ARR_1910_x_at,Hypothetical protein,,,,,,-1.3,4.0,PMM2067
Z [- (-)],PMM2069*,PMED4_15762,MED4_ARR_1848_x_at,Hypothetical protein,-2.4,,,,,,,PMM2069
